"stateFlagCode","state","TotalHappinessScoreByState_2025"
,"Hawaii",65.5
,"Maryland",64.13
,"Nebraska",63.61
,"New Jersey",63.42
,"Connecticut",62.53
,"Utah",61.12
,"California",60.09
,"New Hampshire",59.56
,"Massachusetts",59.19
,"Idaho",58.31
,"Minnesota",58.21
,"Delaware",56.07
,"South Dakota",55.93
,"Florida",55.86
,"Virginia",55.45
,"Iowa",55.42
,"New York",55.42
,"Pennsylvania",54.73
,"Georgia",53.88
,"Wisconsin",53.62
,"North Dakota",53.43
,"Illinois",53.38
,"Arizona",52.89
,"Washington",52.88
,"South Carolina",52.82
,"Rhode Island",51.68
,"Kansas",51.29
,"North Carolina",50.97
,"Vermont",49.93
,"Wyoming",49.47
,"Missouri",48.31
,"Montana",47.83
,"Maine",47.64
,"Indiana",47.36
,"Michigan",47.06
,"Oklahoma",47.05
,"Texas",46.41
,"Ohio",45.67
,"Oregon",44.93
,"Nevada",44.82
,"Colorado",44.49
,"Mississippi",43.9
,"Kentucky",43.25
,"New Mexico",43.08
,"Tennessee",41.22
,"Alabama",40.69
,"Alaska",40.69
,"Arkansas",37.03
,"Louisiana",34.26
,"West Virginia",32.04