NOW_COV,A_SEX,LJCW,PRNLFSCH,A_HGA,A_AGE,HUNDER18,FOTHVAL,STATE,
1,2,0,0,39,74,0,25943,11,
1,1,0,2,39,46,0,25943,11,
1,2,2,0,45,55,0,2751,11,
1,2,1,2,46,31,0,1200,11,
1,1,1,2,44,30,0,0,11,
1,2,2,2,44,43,1,8221,11,
1,2,0,0,0,8,1,8221,11,
1,2,1,2,46,42,1,19025,11,
1,1,3,2,46,43,1,19025,11,
1,1,0,0,0,7,1,19025,11,
1,1,1,2,45,29,0,9430,11,
1,2,1,2,43,26,0,3015,11,
1,1,1,2,43,32,0,18195,11,
1,1,2,2,44,31,0,1026,11,
1,2,0,0,43,66,0,65874,11,
1,1,0,0,39,73,0,65874,11,
1,1,1,2,43,29,0,9,11,
1,1,1,2,45,31,0,2700,11,
1,1,2,2,44,29,0,1000,11,
1,1,0,1,40,30,0,0,11,
1,2,0,1,43,20,0,0,11,
1,2,0,0,44,78,0,122655,11,
1,2,2,2,45,36,0,11004,11,
1,2,1,2,44,51,0,715,11,
1,1,2,0,44,73,0,12992,11,
1,2,1,0,43,75,0,1215,11,
1,2,1,2,41,47,1,36376,11,
1,2,1,2,39,26,1,36376,11,
1,2,1,2,40,25,1,9700,11,
1,1,0,0,0,2,1,9700,11,
1,1,1,0,44,56,2,200507,11,
1,2,0,1,35,16,2,200507,11,
1,2,0,0,0,12,2,200507,11,
1,2,0,1,43,27,1,7600,11,
1,2,0,0,0,3,1,7600,11,
1,1,1,2,44,24,0,10700,11,
1,1,1,0,44,64,0,32200,11,
1,2,1,2,43,40,2,101000,11,
1,1,1,2,46,43,2,101000,11,
1,1,0,0,0,7,2,101000,11,
1,2,0,0,0,4,2,101000,11,
1,2,1,2,43,25,0,2549,11,
1,1,1,2,43,49,1,40449,11,
1,1,0,0,0,6,1,40449,11,
1,2,0,0,34,85,0,49956,11,
1,1,0,0,40,66,0,49956,11,
1,2,0,0,44,76,0,80002,11,
1,2,4,2,44,36,0,631,11,
1,1,0,0,39,71,0,5250,11,
1,2,2,2,46,42,0,12407,11,
1,1,1,2,46,38,0,12407,11,
1,1,5,2,40,39,0,0,11,
1,1,0,2,39,40,0,9000,11,
1,2,0,0,45,76,0,122927,11,
1,1,0,0,45,76,0,122927,11,
1,2,1,2,44,27,0,0,11,
1,2,0,1,44,24,0,0,11,
1,1,1,0,39,66,0,0,11,
1,2,1,2,44,45,1,82000,11,
1,2,0,0,0,8,1,82000,11,
1,1,1,2,40,43,1,0,11,
1,2,1,2,43,25,0,0,11,
1,2,1,2,43,23,0,0,11,
1,2,3,2,45,51,0,1900,11,
1,2,1,2,33,31,0,0,11,
1,1,2,0,44,57,0,7501,11,
1,1,0,2,43,21,0,0,11,
1,2,2,2,45,29,0,698,11,
1,1,1,2,39,34,0,698,11,
1,2,2,2,43,37,3,145734,11,
1,1,2,2,45,37,3,145734,11,
1,1,0,0,0,6,3,145734,11,
1,2,0,0,0,3,3,145734,11,
1,1,0,0,0,3,3,145734,11,
1,2,0,0,43,80,0,31260,11,
1,2,0,0,40,77,0,221877,11,
1,1,0,0,44,85,0,221877,11,
1,2,0,0,39,63,1,7014,11,
1,2,2,2,44,34,1,7014,11,
1,1,2,2,44,35,1,7014,11,
1,2,0,0,0,2,1,7014,11,
1,2,0,0,39,74,0,32085,11,
1,1,2,0,44,59,0,94840,11,
1,2,1,2,43,54,0,94840,11,
1,1,1,2,46,45,2,110502,11,
1,2,1,2,44,38,2,110502,11,
1,1,0,0,0,6,2,110502,11,
1,1,0,0,0,3,2,110502,11,
1,1,0,0,43,65,0,93804,11,
1,2,0,0,44,73,0,93804,11,
1,1,2,2,46,35,1,10300,11,
1,2,5,2,43,35,1,10300,11,
1,2,0,0,0,1,1,10300,11,
1,1,1,2,43,32,0,47000,11,
1,2,1,2,43,31,0,47000,11,
1,2,2,2,46,37,0,7560,11,
1,1,1,2,43,31,0,322,11,
1,2,1,2,43,30,0,322,11,
1,1,2,2,43,25,0,10,11,
1,2,1,2,39,35,1,0,11,
1,2,0,0,0,7,1,0,11,
1,2,0,2,41,38,1,12576,11,
1,2,0,0,0,1,1,12576,11,
1,1,2,2,44,42,0,50025,11,
1,1,1,0,39,61,0,0,11,
1,1,1,2,46,45,0,0,11,
1,1,1,2,43,33,0,0,11,
1,2,2,2,45,30,0,10310,11,
1,1,1,2,44,45,0,656,11,
1,1,0,0,44,85,0,530866,11,
1,2,0,0,44,85,0,530866,11,
1,1,0,0,39,65,0,10801,11,
1,1,1,2,43,30,0,5730,11,
1,2,1,2,44,42,1,4748,11,
1,1,1,2,43,44,1,4748,11,
1,2,0,0,0,0,1,4748,11,
1,1,0,0,43,77,0,310317,11,
1,1,0,0,44,70,0,310317,11,
2,1,0,2,43,34,0,6508,11,
1,2,1,2,45,32,0,910,11,
1,2,5,2,43,41,0,8125,11,
1,2,2,2,43,52,0,220,11,
1,2,1,0,41,66,0,150,11,
1,2,1,2,43,29,0,150,11,
1,1,1,2,44,39,0,33100,11,
1,1,5,2,43,36,0,33100,11,
1,1,0,0,43,72,0,203600,11,
1,1,1,2,43,34,0,3504,11,
1,2,1,2,44,35,0,3504,11,
1,1,4,0,44,75,0,35001,11,
1,2,0,0,43,67,0,183503,11,
1,1,5,0,43,64,0,183503,11,
1,1,1,0,39,65,2,2,11,
1,2,1,0,33,55,2,2,11,
1,1,0,1,37,17,2,2,11,
1,2,0,0,0,13,2,2,11,
1,1,0,0,34,65,2,2,11,
1,2,0,0,43,79,0,82366,11,
1,2,0,2,40,45,0,82366,11,
2,2,0,2,44,28,0,82366,11,
1,1,1,2,43,24,0,2140,11,
1,1,0,2,43,23,0,80021,11,
1,1,2,2,44,53,1,5845,11,
1,2,2,2,44,46,1,5845,11,
1,2,0,0,0,11,1,5845,11,
1,1,2,2,45,26,0,30280,11,
1,1,1,2,43,26,0,6098,11,
1,2,1,2,43,29,0,2007,11,
1,1,1,0,44,64,0,2081,11,
1,1,1,2,39,48,1,180,11,
1,2,0,1,37,18,1,180,11,
1,2,5,2,39,45,1,180,11,
1,1,0,0,0,10,1,180,11,
1,2,4,2,40,21,0,0,11,
1,2,1,1,40,34,0,0,11,
1,1,2,0,44,41,3,21360,11,
1,2,1,2,43,38,3,21360,11,
1,2,0,0,0,11,3,21360,11,
1,2,0,0,0,8,3,21360,11,
1,2,0,0,0,5,3,21360,11,
1,1,1,0,44,68,0,57585,11,
1,2,0,0,44,63,0,57585,11,
1,2,5,0,44,66,0,16400,11,
1,1,1,0,43,67,0,16400,11,
1,1,1,2,43,35,1,12911,11,
1,2,1,2,46,32,1,12911,11,
1,1,0,0,0,0,1,12911,11,
1,1,1,2,44,33,1,4000,11,
1,2,0,2,43,36,1,4000,11,
1,1,0,0,0,1,1,4000,11,
1,1,3,0,44,55,2,23021,11,
1,2,1,2,44,51,2,23021,11,
1,2,0,0,0,2,2,23021,11,
1,1,0,0,0,2,2,23021,11,
1,1,1,2,44,45,2,5230,11,
1,2,1,2,44,45,2,5230,11,
1,1,0,0,0,11,2,5230,11,
1,1,0,0,0,8,2,5230,11,
1,1,1,2,43,31,0,4360,11,
1,2,1,2,44,31,0,4360,11,
1,2,0,0,39,69,0,27480,11,
1,2,1,0,45,56,0,0,11,
1,1,1,0,45,57,0,0,11,
1,2,1,2,44,43,1,7000,11,
1,1,0,0,0,4,1,7000,11,
1,2,1,2,43,26,0,37700,11,
1,2,1,2,44,26,0,11000,11,
1,1,1,2,43,38,0,2450,11,
1,2,1,2,44,36,0,2001,11,
2,1,0,1,44,27,0,0,11,
1,2,2,2,44,36,0,2302,11,
1,2,1,0,43,63,0,23703,11,
1,1,1,2,43,28,0,5003,11,
1,2,1,2,44,28,0,1129,11,
1,2,1,0,43,64,0,61120,11,
1,2,0,0,39,66,0,28820,11,
1,2,0,2,39,24,0,28820,11,
1,2,0,0,40,71,0,21420,11,
1,1,0,0,36,79,0,64394,11,
2,1,6,0,43,55,0,1,11,
1,2,1,2,43,47,0,20,11,
1,2,0,0,35,80,0,20,11,
1,2,5,2,46,33,0,2003,11,
1,1,1,2,46,34,0,2003,11,
1,2,1,2,43,32,2,30,11,
1,1,0,0,0,13,2,30,11,
1,2,0,0,0,7,2,30,11,
1,1,0,0,46,60,0,40185,11,
1,2,2,0,46,59,0,40185,11,
1,1,1,0,42,70,0,82317,11,
1,2,0,1,43,46,0,82317,11,
1,1,0,0,44,66,0,229014,11,
1,2,1,0,44,58,0,7202,11,
1,1,6,0,46,73,0,126021,11,
1,2,0,0,39,80,0,126021,11,
1,2,2,2,43,23,0,12000,11,
1,2,2,2,43,23,0,12000,11,
1,1,6,2,44,33,0,5648,11,
1,2,2,2,44,34,0,33961,11,
1,2,2,2,43,42,2,45500,11,
1,1,2,2,44,51,2,45500,11,
1,1,0,0,0,6,2,45500,11,
1,2,0,0,0,3,2,45500,11,
1,2,0,2,39,39,0,0,11,
1,2,0,0,43,77,0,25800,11,
1,1,0,0,46,65,0,173300,11,
1,1,3,0,43,72,0,1,11,
1,2,1,2,39,53,0,70004,11,
1,2,0,0,40,79,0,129001,11,
1,1,0,0,46,85,0,0,11,
1,2,1,0,43,85,0,0,11,
1,1,0,0,43,70,0,35136,11,
1,1,1,1,43,44,0,44703,11,
1,1,2,2,46,38,0,44703,11,
1,1,0,0,44,79,0,120428,11,
1,1,2,2,43,28,0,7200,11,
1,1,1,2,41,44,3,0,11,
1,2,1,2,40,39,3,0,11,
1,2,0,0,0,12,3,0,11,
1,2,0,0,0,7,3,0,11,
1,1,0,0,0,2,3,0,11,
1,2,0,2,40,38,0,11556,11,
1,1,0,0,41,64,0,23460,11,
1,1,0,0,46,76,0,25805,11,
1,2,1,2,43,47,2,39947,11,
1,1,2,0,43,55,2,39947,11,
1,2,0,0,36,15,2,39947,11,
1,2,0,0,0,13,2,39947,11,
1,2,1,2,46,47,0,7137,11,
1,2,1,2,43,27,0,7137,11,
1,2,0,0,40,69,0,32207,11,
1,1,0,0,43,56,0,32207,11,
1,2,1,2,43,27,0,50005,11,
1,2,1,2,43,27,0,0,11,
1,2,1,2,44,33,0,20108,11,
1,1,0,0,39,80,0,300,11,
1,1,0,0,38,73,0,0,11,
1,2,0,0,40,72,0,17808,11,
1,1,1,0,40,56,2,8414,11,
1,1,0,1,36,17,2,8414,11,
1,2,0,2,35,16,2,8414,11,
1,2,0,0,35,75,0,14293,11,
1,2,1,0,43,77,0,100724,11,
1,1,0,0,44,67,0,38604,11,
1,2,0,0,39,77,0,101702,11,
1,2,0,0,44,69,0,41601,11,
1,1,1,2,43,41,3,11175,11,
1,2,0,0,0,10,3,11175,11,
1,2,0,0,0,8,3,11175,11,
1,1,0,0,0,5,3,11175,11,
1,1,1,0,44,65,0,6691,11,
1,2,1,0,37,58,0,1,11,
1,1,1,2,43,35,0,151,11,
1,2,1,2,44,37,0,4948,11,
1,2,0,0,46,79,0,4948,11,
1,1,2,1,43,32,0,46865,11,
1,1,2,2,46,37,0,15000,11,
1,2,1,2,44,36,0,15000,11,
1,2,0,0,44,80,0,26163,11,
1,1,3,2,43,46,0,26163,11,
2,1,6,2,43,22,0,40,11,
1,2,0,0,40,73,0,15444,11,
1,1,1,2,43,29,0,28,11,
1,1,5,0,43,67,0,67252,11,
1,1,1,2,39,44,0,24,11,
1,2,2,2,44,41,0,15790,11,
1,1,1,2,44,27,0,1000,11,
1,2,0,0,37,68,0,17268,11,
2,2,0,2,40,32,0,17268,11,
1,1,6,0,46,80,0,58851,11,
1,1,6,2,34,41,0,58851,11,
1,2,0,0,39,72,0,14796,11,
1,1,0,0,43,67,0,116357,11,
1,2,0,0,44,74,0,116357,11,
1,2,1,0,37,69,0,22607,11,
1,1,1,2,44,36,1,56235,11,
1,2,1,2,44,34,1,56235,11,
1,1,0,0,0,0,1,56235,11,
1,1,0,1,40,20,1,20011,11,
1,2,0,2,43,54,1,20010,11,
1,1,1,2,44,51,1,20010,11,
1,1,0,0,0,14,1,20010,11,
1,2,1,0,43,58,0,17500,11,
1,2,1,2,43,23,0,101,11,
1,2,1,2,39,30,4,2432,11,
1,2,0,0,0,14,4,2432,11,
1,1,0,0,0,12,4,2432,11,
1,2,0,0,0,9,4,2432,11,
1,2,0,0,0,6,4,2432,11,
1,2,1,0,45,69,0,351,11,
1,2,0,0,43,85,0,90394,11,
1,1,0,0,39,85,0,90394,11,
1,2,2,2,44,44,0,11165,11,
1,2,0,0,43,75,0,11762,11,
1,1,0,0,46,80,0,167974,11,
1,2,0,0,43,71,0,167974,11,
1,2,1,2,46,43,2,19190,11,
1,1,1,2,43,42,2,19190,11,
1,2,0,0,0,9,2,19190,11,
1,1,0,0,0,7,2,19190,11,
1,2,0,0,38,69,0,12000,11,
1,1,2,2,44,54,0,21760,11,
1,2,2,2,44,52,0,21760,11,
1,1,0,0,44,79,0,19582,11,
1,2,1,0,44,64,0,19582,11,
1,2,2,2,44,28,0,20950,11,
1,2,1,2,44,27,0,85001,11,
1,2,0,0,39,72,0,26971,11,
1,1,0,2,39,43,0,26971,11,
1,2,1,2,43,23,0,26971,11,
2,1,1,2,36,22,0,0,11,
2,1,1,2,36,28,0,0,11,
1,2,1,2,44,25,0,10106,11,
1,2,1,2,40,30,2,10800,11,
1,2,0,0,0,9,2,10800,11,
1,2,0,0,0,1,2,10800,11,
1,1,0,1,42,44,2,58079,11,
1,2,2,0,40,43,2,58079,11,
1,1,0,0,34,15,2,58079,11,
1,1,0,0,34,15,2,58079,11,
1,1,0,2,37,40,0,14460,11,
1,1,0,0,39,77,0,31524,11,
1,2,1,2,43,29,0,15,11,
1,2,4,2,45,31,0,15,11,
1,1,1,2,37,28,0,15,11,
1,2,1,2,43,23,0,115,11,
1,1,1,2,43,40,1,68450,11,
1,2,1,2,44,36,1,68450,11,
1,2,0,0,0,2,1,68450,11,
1,1,1,2,44,41,1,0,11,
1,2,6,2,44,42,1,0,11,
1,2,0,0,0,1,1,0,11,
1,1,1,0,43,65,0,32512,11,
1,1,0,1,43,24,0,2,11,
1,1,1,2,44,28,0,2362,11,
1,1,2,2,43,30,0,20000,11,
1,1,0,1,43,26,0,0,11,
2,1,1,2,39,36,1,0,11,
2,2,0,0,0,5,1,0,11,
2,2,1,2,44,31,0,2682,11,
1,1,1,2,40,32,0,17006,11,
1,2,2,2,46,45,0,5700,11,
1,2,1,2,44,25,0,42300,11,
1,1,2,2,46,41,0,2641,11,
1,2,0,2,39,26,1,0,11,
1,2,0,0,0,3,1,0,11,
1,1,1,2,43,25,0,7205,11,
1,2,0,2,36,34,2,7801,11,
1,2,0,0,0,5,2,7801,11,
1,1,0,0,0,1,2,7801,11,
1,2,0,0,45,85,0,24670,11,
1,2,0,0,39,63,0,24670,11,
1,1,0,0,40,71,0,164220,11,
1,2,0,0,45,64,0,164220,11,
1,1,1,2,44,53,0,17504,11,
1,2,1,0,44,56,0,17504,11,
1,2,0,1,40,18,0,17504,11,
1,1,1,2,44,53,0,35500,11,
1,2,0,0,45,73,0,99802,11,
1,2,3,2,43,32,0,99802,11,
1,2,0,0,39,67,0,8880,11,
1,2,0,0,31,64,1,10620,11,
1,1,0,0,0,9,1,10620,11,
2,1,1,0,34,57,1,0,11,
1,2,1,2,45,38,0,205,11,
1,2,6,2,39,42,0,0,11,
2,1,6,2,39,45,0,0,11,
1,1,2,2,43,27,0,3100,11,
2,1,1,2,40,47,0,300,11,
2,2,1,2,43,53,0,0,11,
1,2,0,2,43,30,0,212,11,
1,1,2,2,41,34,0,212,11,
1,2,0,1,40,42,0,12605,11,
1,1,2,2,43,45,1,303,11,
1,2,1,2,44,37,1,303,11,
1,2,0,0,0,2,1,303,11,
1,2,5,2,43,47,0,200,11,
1,2,0,2,43,39,0,6250,11,
1,1,1,2,43,42,0,6250,11,
1,1,2,2,45,37,2,1706,11,
1,2,1,2,41,36,2,1706,11,
1,2,0,0,0,4,2,1706,11,
1,2,0,0,0,2,2,1706,11,
1,2,0,0,39,73,0,0,11,
1,1,0,0,39,73,0,0,11,
1,1,0,2,39,34,0,0,11,
1,1,1,2,39,31,0,0,11,
1,2,6,2,40,43,0,2271,11,
1,2,0,0,39,85,0,28608,11,
1,1,0,0,39,68,0,0,11,
1,2,0,0,37,76,0,78120,11,
1,1,0,0,44,80,0,265620,11,
1,2,0,0,44,75,0,265620,11,
1,1,5,2,45,39,0,3066,11,
1,2,0,0,40,85,0,10352,11,
1,1,1,2,40,39,0,10352,11,
1,2,1,2,43,36,2,1568,11,
1,1,1,2,43,37,2,1568,11,
1,2,0,0,0,3,2,1568,11,
1,1,0,0,0,1,2,1568,11,
1,2,4,2,43,53,1,10900,11,
1,2,0,0,0,13,1,10900,11,
1,1,0,0,39,80,1,10900,11,
1,1,0,0,39,76,0,25500,11,
1,2,1,2,43,31,0,10800,11,
1,1,1,2,43,31,0,75,11,
1,2,1,2,43,22,0,3624,11,
1,1,5,2,41,22,0,225,11,
1,1,4,2,43,36,0,0,11,
1,2,4,2,44,36,0,0,11,
1,2,1,2,44,34,0,1200,11,
1,1,1,2,46,36,0,25000,11,
1,2,0,0,44,79,0,162505,11,
1,1,0,0,44,80,0,162505,11,
1,1,0,2,40,43,0,130,11,
1,2,1,2,43,21,0,2000,11,
1,1,0,0,42,79,0,43104,11,
1,1,1,2,45,37,0,3036,11,
1,1,1,2,45,41,0,9052,11,
1,1,1,2,43,42,0,1011,11,
1,2,0,0,39,61,0,42812,11,
1,2,0,2,39,34,0,42812,11,
1,1,1,0,39,67,0,80,11,
1,1,1,2,44,42,2,0,11,
1,2,1,2,44,39,2,0,11,
1,2,0,0,0,7,2,0,11,
1,1,0,0,0,4,2,0,11,
1,1,1,2,43,50,0,10872,11,
1,1,0,1,39,20,0,45047,11,
1,1,0,1,43,28,0,3,11,
1,2,0,0,39,80,0,13020,11,
1,1,0,0,39,85,0,11761,11,
1,2,0,0,39,75,0,1790,11,
1,2,2,2,43,47,1,44503,11,
1,1,1,2,40,31,1,44503,11,
1,1,0,0,0,7,1,44503,11,
1,2,1,2,40,27,1,1,11,
1,2,0,0,42,75,0,0,11,
1,1,4,2,43,39,0,7783,11,
1,1,4,2,44,38,0,7783,11,
1,2,1,2,43,33,0,2630,11,
1,1,1,2,44,34,1,25,11,
1,2,0,2,43,29,1,25,11,
1,2,0,0,0,2,1,25,11,
1,2,1,2,43,30,0,5420,11,
1,1,1,2,44,36,0,21000,11,
1,2,1,2,43,37,0,7405,11,
1,1,1,2,44,30,0,6450,11,
1,2,5,0,45,71,0,158001,11,
1,2,1,2,43,26,0,510,11,
1,2,2,2,44,27,0,2509,11,
1,2,1,2,43,24,0,3340,11,
1,2,1,2,43,24,0,1600,11,
1,2,1,0,44,65,0,5,11,
1,1,1,0,44,64,0,5,11,
1,2,1,2,43,23,0,5,11,
1,1,0,0,44,77,0,441217,11,
1,2,0,0,45,75,0,441217,11,
1,2,0,0,39,80,0,54992,11,
1,2,0,0,40,55,0,54992,11,
1,1,4,2,39,25,0,54992,11,
1,1,1,0,44,73,0,56220,11,
1,2,0,0,39,70,0,56220,11,
1,1,0,0,39,80,0,9600,11,
1,2,1,2,45,44,2,5099,11,
1,1,1,2,44,45,2,5099,11,
1,1,0,0,0,7,2,5099,11,
1,1,0,0,0,7,2,5099,11,
1,2,0,0,39,68,0,18716,11,
1,2,6,0,44,63,0,52715,11,
1,2,1,2,44,46,0,2503,11,
1,1,2,2,44,48,0,2503,11,
1,2,2,2,44,27,0,3625,11,
1,1,1,2,44,28,0,487,11,
1,1,1,2,44,26,0,501,11,
1,2,0,0,43,85,0,142655,11,
1,1,0,0,39,63,0,19932,11,
1,2,1,2,39,35,2,7500,11,
1,1,0,1,35,16,2,7500,11,
1,2,0,0,0,11,2,7500,11,
1,1,1,0,43,58,0,4804,11,
1,2,1,0,44,61,0,4804,11,
1,1,1,2,43,24,0,4804,11,
1,2,0,0,39,71,0,74920,11,
1,1,1,0,43,64,0,74920,11,
1,1,0,2,39,20,0,0,11,
1,2,1,2,34,43,0,0,11,
1,1,4,2,44,41,2,8642,11,
1,2,2,2,44,41,2,8642,11,
1,1,0,0,0,9,2,8642,11,
1,1,0,0,0,6,2,8642,11,
1,1,1,2,33,49,1,3199,11,
1,2,0,2,39,42,1,3199,11,
1,1,0,1,40,20,1,3199,11,
1,1,0,0,0,14,1,3199,11,
1,1,0,0,34,70,1,3199,11,
1,2,2,1,43,24,0,62100,11,
1,2,1,2,43,24,0,6,11,
1,1,0,0,39,71,0,45096,11,
1,1,1,2,43,25,0,370,11,
1,1,1,2,43,25,0,21482,11,
1,2,2,2,43,29,0,1010,11,
1,1,1,2,43,33,0,1000,11,
1,2,1,2,45,27,0,120,11,
1,2,2,2,39,39,0,0,11,
1,2,0,0,40,76,0,41161,11,
1,1,0,0,37,57,0,41161,11,
1,1,0,1,40,33,0,41161,11,
1,2,1,2,40,32,0,41161,11,
1,1,0,0,42,66,0,3982,11,
1,2,2,2,46,36,1,2,11,
1,2,0,0,0,5,1,2,11,
1,1,5,0,45,76,0,197706,11,
1,2,0,0,43,80,0,226400,11,
1,1,0,0,45,80,0,226400,11,
1,2,0,0,43,65,0,96952,11,
1,1,0,0,39,72,0,96952,11,
1,1,1,2,45,34,0,2052,11,
1,2,1,0,40,72,0,17800,11,
1,2,1,2,43,53,0,1705,11,
1,1,1,2,44,37,0,505,11,
1,1,1,2,37,20,0,0,11,
1,1,0,0,43,73,0,34703,11,
1,2,3,2,43,31,0,15224,11,
1,1,1,2,45,34,0,15224,11,
1,2,1,2,44,39,0,9377,11,
1,1,0,2,39,47,0,0,11,
1,1,0,0,39,79,0,0,11,
1,2,0,0,39,78,0,0,11,
1,1,0,0,44,79,0,108241,11,
1,2,0,0,43,73,0,108241,11,
1,1,1,2,43,35,1,8895,11,
1,2,1,2,44,36,1,8895,11,
1,2,0,0,0,0,1,8895,11,
1,2,1,2,44,40,0,5,11,
1,2,3,2,44,36,1,105,11,
1,2,0,0,0,5,1,105,11,
1,2,1,2,43,52,1,2772,11,
1,2,0,1,37,17,1,2772,11,
1,2,0,0,44,85,0,72910,11,
1,1,4,2,45,53,2,61555,11,
1,2,1,2,45,54,2,61555,11,
1,1,0,0,34,15,2,61555,11,
1,2,0,0,34,15,2,61555,11,
1,1,1,2,43,22,0,30402,11,
1,2,1,2,43,23,0,603,11,
1,1,1,2,43,30,0,580,11,
1,2,1,2,43,29,0,226,11,
1,2,1,2,44,31,0,332,11,
1,1,1,2,46,31,0,332,11,
1,2,0,0,42,69,0,80,11,
1,1,1,2,43,37,0,14471,11,
1,2,1,2,42,37,0,14471,11,
1,2,0,0,43,77,0,114463,11,
1,2,0,0,43,78,0,20005,11,
1,2,0,2,39,34,0,23820,11,
1,1,0,0,39,85,0,0,11,
1,1,0,2,39,48,0,0,11,
1,2,1,2,40,49,2,1,11,
1,1,0,1,38,17,2,1,11,
1,1,0,0,35,15,2,1,11,
1,2,1,2,44,44,0,2260,11,
1,1,1,2,44,52,0,9024,11,
1,2,2,2,46,37,0,5701,11,
1,1,1,2,44,39,0,51611,11,
1,2,4,2,44,37,0,51611,11,
1,1,4,2,44,46,3,2204,11,
1,2,1,2,44,42,3,2204,11,
1,1,0,0,0,10,3,2204,11,
1,2,0,0,0,9,3,2204,11,
1,2,0,0,0,3,3,2204,11,
1,2,2,2,39,33,0,1401,11,
1,2,5,2,45,40,2,320200,11,
1,1,1,2,45,42,2,320200,11,
1,1,0,0,0,4,2,320200,11,
1,2,0,0,0,1,2,320200,11,
1,2,1,2,43,27,0,5,11,
1,1,5,2,44,21,0,0,11,
1,1,0,0,44,80,1,210820,11,
1,2,0,0,44,74,1,210820,11,
1,2,2,2,44,46,1,2000,11,
1,1,1,2,43,43,1,2000,11,
1,1,0,0,0,3,1,2000,11,
1,1,3,2,44,35,0,48,11,
1,2,1,2,44,34,0,48,11,
1,2,0,0,40,80,0,48813,11,
1,2,0,0,39,62,1,18,11,
1,1,0,0,39,60,1,18,11,
1,1,1,2,43,27,1,18,11,
1,2,1,2,43,29,1,2,11,
1,1,0,0,0,5,1,2,11,
1,1,4,2,46,50,0,2010,11,
1,1,6,2,43,32,0,22265,11,
1,2,2,2,43,28,0,1550,11,
1,1,1,2,43,35,0,9101,11,
1,2,1,2,43,28,1,257,11,
1,1,2,2,43,28,1,257,11,
1,2,0,0,0,0,1,257,11,
1,2,0,0,43,69,0,48007,11,
1,1,0,0,43,71,0,48007,11,
1,1,1,2,44,32,0,5894,11,
1,2,1,2,44,31,0,5894,11,
1,1,1,2,43,22,0,17151,11,
1,1,1,2,43,25,0,465,11,
1,2,1,2,42,52,0,110,11,
2,1,5,2,39,23,0,110,11,
1,1,0,0,44,74,0,16680,11,
2,1,1,2,44,42,2,3651,11,
2,2,0,2,43,32,2,3651,11,
2,2,0,0,0,6,2,3651,11,
2,1,0,0,0,3,2,3651,11,
1,2,0,0,40,80,0,36000,11,
1,1,0,0,44,80,0,135321,11,
1,2,0,0,44,79,0,135321,11,
1,2,2,2,45,47,0,135321,11,
1,2,0,0,38,77,0,12000,11,
1,1,4,2,43,50,0,8200,11,
1,2,1,2,45,50,0,8200,11,
1,1,3,2,40,39,1,46100,11,
1,2,3,2,45,33,1,46100,11,
1,2,0,0,0,0,1,46100,11,
1,2,1,2,43,29,0,6721,11,
1,1,1,2,43,33,1,6400,11,
1,2,1,2,43,31,1,6400,11,
1,1,0,0,0,13,1,6400,11,
1,1,2,2,44,39,0,10512,11,
1,1,1,0,45,78,0,225208,11,
1,2,6,0,44,76,0,225208,11,
1,2,1,2,43,46,0,225208,11,
1,2,1,2,43,31,0,2146,11,
1,2,1,0,40,55,1,0,11,
1,1,0,0,0,14,1,0,11,
1,2,0,2,45,35,0,5,11,
1,1,1,2,45,28,0,5,11,
1,2,0,2,43,35,0,5,11,
1,1,3,2,39,27,0,5,11,
1,2,1,2,43,24,0,2770,11,
1,2,0,2,40,27,0,0,11,
1,1,1,2,43,39,0,70552,11,
1,1,1,0,39,72,1,29364,11,
1,2,1,2,40,24,1,29364,11,
1,1,1,2,39,25,1,0,11,
1,2,0,0,0,1,1,0,11,
1,1,0,1,39,20,0,45000,11,
1,1,1,2,43,23,0,16010,11,
1,1,1,2,43,23,0,10,11,
1,1,1,2,44,26,0,615,11,
1,1,2,2,43,28,0,3621,11,
1,2,0,0,44,80,0,219987,11,
1,1,0,0,46,85,0,219987,11,
1,1,0,0,46,75,0,708749,11,
1,2,1,0,44,61,0,708749,11,
1,2,1,2,43,43,2,21111,11,
1,1,1,2,45,45,2,21111,11,
1,1,0,0,0,9,2,21111,11,
1,2,0,0,0,6,2,21111,11,
1,2,1,1,43,24,0,32002,11,
1,2,0,1,43,27,0,49100,11,
2,2,1,2,33,31,1,2500,11,
2,2,0,0,0,9,1,2500,11,
2,2,1,2,44,54,1,2500,11,
1,1,1,2,43,35,1,2500,11,
1,1,1,2,39,46,1,13200,11,
1,1,0,0,45,73,0,98604,11,
1,1,1,2,39,45,2,90,11,
1,2,0,0,39,68,2,90,11,
1,2,4,2,39,29,2,90,11,
1,2,0,0,0,14,2,90,11,
1,2,0,0,0,1,2,0,11,
1,2,1,2,43,32,0,791,11,
1,1,1,2,45,33,0,51334,11,
1,2,1,2,44,31,0,51334,11,
1,2,2,2,45,29,0,16902,11,
1,1,1,2,43,29,0,16902,11,
1,1,1,2,44,28,0,10141,11,
1,1,6,2,43,46,0,390,11,
1,2,1,2,43,30,0,18108,11,
1,1,1,2,43,30,0,18108,11,
1,2,1,2,39,44,0,0,11,
1,2,2,2,44,47,0,67505,11,
2,1,1,2,44,41,0,3,11,
1,2,1,2,43,31,0,600,11,
1,2,0,0,38,64,1,20878,11,
1,2,4,2,42,36,1,501,11,
1,2,0,0,0,9,1,501,11,
1,2,0,2,39,26,2,3200,11,
1,1,0,0,0,6,2,3200,11,
1,2,0,0,0,0,2,3200,11,
1,1,1,2,46,38,2,143,11,
1,2,1,2,46,40,2,143,11,
1,2,0,0,0,8,2,143,11,
1,2,0,0,0,7,2,143,11,
1,2,1,2,46,31,0,5551,11,
1,1,1,2,46,40,0,5551,11,
1,2,1,2,39,29,3,1,11,
1,1,0,0,0,8,3,1,11,
1,1,0,0,0,5,3,1,11,
1,1,0,0,0,2,3,1,11,
1,2,1,2,43,36,0,9145,11,
2,1,0,2,43,35,0,9145,11,
1,1,1,2,45,33,0,2000,11,
1,2,0,2,39,31,3,0,11,
1,2,0,0,0,14,3,0,11,
1,1,0,0,0,10,3,0,11,
1,2,0,0,0,4,3,0,11,
1,2,0,2,39,25,3,0,11,
1,1,1,2,46,42,0,1500,11,
1,2,1,2,44,31,0,11634,11,
1,1,1,2,43,30,0,11634,11,
1,2,0,0,39,85,0,10325,11,
1,2,1,2,45,29,0,2007,11,
1,1,0,0,42,68,0,11952,11,
1,1,1,2,44,27,0,15,11,
1,1,1,2,43,28,0,540,11,
1,2,1,2,44,28,0,2,11,
1,2,2,2,39,25,0,10251,11,
1,2,5,2,44,43,2,47222,11,
1,1,0,2,40,21,2,47222,11,
1,2,0,0,0,4,2,47222,11,
1,1,0,0,0,2,2,47222,11,
1,1,1,2,44,49,2,138,11,
1,1,0,1,45,28,0,38401,11,
1,2,0,0,40,75,0,48067,11,
1,2,1,2,44,28,0,1,11,
1,1,0,0,38,66,0,30,11,
1,1,1,2,44,30,0,30710,11,
1,1,1,2,43,30,0,1802,11,
1,2,6,2,43,32,0,1802,11,
1,1,1,2,43,26,0,3039,11,
1,1,1,2,43,26,0,2026,11,
1,1,1,0,45,62,0,120900,11,
1,2,0,0,45,60,0,120900,11,
1,2,1,2,44,45,2,154057,11,
1,1,5,2,43,45,2,154057,11,
1,2,0,0,0,13,2,154057,11,
1,1,0,0,0,11,2,154057,11,
1,2,0,0,44,64,0,308,11,
1,2,0,0,39,71,0,308,11,
1,1,1,2,46,32,0,2,11,
1,1,1,2,44,40,2,9178,11,
1,2,2,2,44,41,2,9178,11,
1,2,0,0,0,8,2,9178,11,
1,2,0,0,0,2,2,9178,11,
1,1,0,2,40,50,0,130,11,
1,1,0,0,35,73,0,17904,11,
1,2,0,0,38,57,0,4718,11,
1,2,5,2,39,30,2,10006,11,
1,2,0,0,0,8,2,10006,11,
1,1,0,0,0,1,2,10006,11,
1,2,1,2,44,36,1,2005,11,
1,1,0,0,0,7,1,2005,11,
1,2,1,0,44,62,0,10,11,
1,2,1,2,43,24,0,7020,11,
1,1,1,2,43,25,0,24520,11,
1,2,2,2,45,38,1,107000,11,
1,1,1,2,43,38,1,107000,11,
1,1,0,0,0,4,1,107000,11,
1,1,0,0,39,57,0,7200,11,
1,1,1,2,45,40,1,52103,11,
1,2,1,2,44,37,1,52103,11,
1,2,0,0,0,1,1,52103,11,
1,1,1,2,44,29,0,1341,11,
1,2,0,0,43,76,0,62600,11,
1,2,1,0,40,69,0,20550,11,
1,1,0,0,44,69,0,31872,11,
1,2,1,0,43,56,0,16378,11,
1,2,1,2,43,39,0,80076,11,
1,1,1,2,43,30,0,1170,11,
1,1,1,2,44,37,0,3100,11,
1,1,1,2,43,39,0,21000,11,
1,1,1,2,44,31,0,2810,11,
1,2,1,2,45,30,0,2810,11,
1,2,1,2,43,22,0,4801,11,
1,1,1,2,43,23,0,1884,11,
1,2,1,2,42,48,0,60500,11,
1,1,1,2,39,46,0,60500,11,
1,1,1,2,40,23,0,60500,11,
1,2,1,2,39,20,0,60500,11,
1,2,0,1,43,23,0,13200,11,
2,1,6,2,44,45,0,0,11,
1,1,1,2,43,35,0,112999,11,
1,1,1,2,43,43,2,173282,11,
1,2,6,2,46,42,2,173282,11,
1,2,0,0,0,12,2,173282,11,
1,1,0,0,0,8,2,173282,11,
1,1,3,2,44,51,1,16119,11,
1,2,0,0,0,4,1,16119,11,
1,1,1,2,39,40,2,11360,11,
1,2,4,2,44,43,2,11360,11,
1,1,0,0,0,8,2,11360,11,
1,1,0,0,0,6,2,11360,11,
1,1,2,2,44,50,0,6579,11,
1,2,2,2,44,44,0,6579,11,
1,1,0,0,44,76,0,144720,11,
1,1,0,0,43,68,0,144720,11,
1,1,1,2,43,36,1,153451,11,
1,2,3,2,43,36,1,153451,11,
1,1,0,0,0,6,1,153451,11,
1,1,1,2,44,32,0,11015,11,
1,2,5,2,44,32,0,11015,11,
1,1,1,2,43,32,0,13454,11,
1,2,1,2,44,33,0,13454,11,
1,2,1,2,40,21,0,14406,11,
1,2,1,1,43,22,0,14410,11,
1,2,0,1,43,21,0,4030,11,
1,1,0,1,43,21,0,12005,11,
1,2,1,2,44,30,0,159,11,
1,1,5,2,43,31,0,277,11,
1,2,1,2,44,40,0,68507,11,
1,2,2,2,46,54,1,41971,11,
1,1,1,2,44,53,1,41971,11,
1,2,0,1,40,20,1,41971,11,
1,1,0,0,34,15,1,41971,11,
1,2,5,2,44,51,0,2000,11,
1,2,0,0,42,85,0,16820,11,
1,2,6,0,45,75,0,292932,11,
1,1,1,0,46,74,0,292932,11,
1,2,2,2,44,39,0,3,11,
1,1,1,2,43,38,0,37002,11,
1,2,1,2,44,39,0,37002,11,
1,2,0,0,37,58,0,11808,11,
1,2,0,0,44,85,0,35074,11,
1,2,0,0,43,65,0,10525,11,
1,1,2,2,43,54,1,37446,11,
1,1,0,1,40,23,1,37446,11,
1,1,0,0,0,14,1,37446,11,
1,2,2,2,45,46,2,22110,11,
1,1,5,2,43,53,2,22110,11,
1,1,0,0,0,11,2,22110,11,
1,1,0,0,0,7,2,22110,11,
1,1,1,2,43,39,1,4638,11,
1,2,1,2,43,38,1,4638,11,
1,2,0,0,0,5,1,4638,11,
1,2,0,0,44,74,0,35575,11,
1,2,4,2,44,34,0,75019,11,
1,2,0,1,39,22,0,10107,11,
1,2,0,1,39,23,0,3,11,
1,2,0,1,39,22,0,3521,11,
1,2,0,1,39,22,0,1132,11,
1,2,0,1,39,21,0,12093,11,
1,2,0,1,39,21,0,899,11,
1,2,6,2,44,52,0,135,11,
1,1,1,0,46,67,0,135,11,
1,1,1,2,44,37,0,18511,11,
1,1,1,2,46,44,0,12820,11,
1,2,1,2,46,37,0,12820,11,
1,2,1,2,43,38,0,210,11,
1,1,1,2,44,39,0,210,11,
1,2,1,2,44,34,0,30800,11,
1,2,3,2,44,34,1,34502,11,
1,1,1,2,43,35,1,34502,11,
1,2,0,0,0,0,1,34502,11,
1,2,1,2,44,34,0,7300,11,
1,2,1,2,44,26,0,25007,11,
1,2,0,0,44,61,0,2862,11,
1,1,1,0,45,63,0,2862,11,
1,1,1,0,45,55,1,40201,11,
1,2,0,0,39,56,1,40201,11,
1,1,0,1,38,17,1,40201,11,
1,2,1,2,44,43,0,2490,11,
1,1,1,2,44,32,0,11117,11,
1,2,1,2,44,33,0,11117,11,
1,2,2,2,45,38,0,56350,11,
2,2,1,2,40,45,0,82,11,
1,1,0,1,43,29,0,75184,11,
1,2,1,2,43,29,0,1160,11,
1,2,0,2,39,21,1,0,11,
1,2,0,0,0,3,1,0,11,
1,1,1,2,44,53,0,1230,11,
1,2,2,0,39,68,0,37870,11,
1,1,0,2,39,30,0,37870,11,
1,2,0,0,37,72,0,10872,11,
1,1,1,0,43,80,0,15775,11,
1,1,4,0,44,61,0,2010,11,
1,2,1,2,43,48,0,2010,11,
1,1,2,2,44,29,0,0,11,
1,2,1,2,45,50,2,206951,11,
1,1,1,0,46,63,2,206951,11,
1,2,0,0,0,12,2,206951,11,
1,2,0,0,0,12,2,206951,11,
1,1,1,2,44,48,0,20701,11,
1,2,1,0,45,56,0,20701,11,
1,1,1,2,44,37,0,505,11,
1,1,2,2,45,38,0,36500,11,
1,2,2,2,45,41,0,25051,11,
1,1,1,2,43,27,0,7307,11,
1,2,0,2,44,48,0,0,11,
1,1,0,1,43,28,0,1,11,
1,1,1,2,44,45,2,101952,11,
1,2,1,2,43,38,2,101952,11,
1,1,0,0,0,5,2,101952,11,
1,2,0,0,0,4,2,101952,11,
1,2,1,2,40,53,0,6307,11,
1,2,1,2,39,27,0,6307,11,
1,1,0,0,40,80,0,0,11,
1,2,0,0,41,78,0,0,11,
1,2,1,2,42,25,0,1,11,
1,2,6,0,40,69,0,0,11,
1,2,0,0,43,85,0,71229,11,
1,1,1,0,43,55,0,455,11,
1,2,0,2,44,38,0,17015,11,
1,1,1,0,43,63,0,50001,11,
1,1,1,2,43,28,0,202,11,
1,1,1,0,43,62,0,45360,11,
1,1,1,2,44,46,1,3100,11,
1,2,1,2,44,44,1,3100,11,
1,2,0,0,0,0,1,3100,11,
1,2,0,2,36,48,3,10002,11,
1,1,5,2,43,49,3,10002,11,
1,2,0,2,43,23,3,10002,11,
1,2,0,0,35,15,3,10002,11,
1,1,0,0,0,13,3,10002,11,
1,1,0,0,0,2,3,10002,11,
1,1,2,2,46,40,0,426,11,
1,1,1,0,45,56,0,32319,11,
1,2,1,2,44,52,0,4900,11,
1,1,1,2,44,43,0,2955,11,
1,1,1,2,42,45,0,5402,11,
1,2,5,2,39,51,0,50,11,
1,2,1,2,44,45,2,5100,11,
1,2,0,0,0,11,2,5100,11,
1,2,0,0,0,8,2,5100,11,
1,2,1,2,43,28,2,0,11,
1,1,1,2,39,29,0,0,11,
1,1,1,2,45,37,0,152,11,
1,2,1,2,45,35,0,152,11,
1,2,1,2,43,29,0,4250,11,
1,2,1,2,43,32,0,13000,11,
1,1,1,2,43,26,0,1005,11,
1,1,1,2,43,25,0,2010,11,
1,1,1,2,43,24,0,1005,11,
1,1,2,2,44,47,0,250,11,
1,1,1,2,43,39,0,11,11,
1,2,1,1,39,21,0,200,11,
1,2,1,2,39,23,0,0,11,
2,2,0,1,39,23,0,0,11,
2,2,0,1,39,23,0,0,11,
2,2,0,1,39,22,0,0,11,
2,2,0,1,39,22,0,0,11,
1,1,1,0,44,57,0,1,11,
1,1,1,2,43,29,0,21010,11,
1,2,1,0,44,70,0,62607,11,
1,1,0,0,43,80,0,62607,11,
1,2,0,0,43,85,0,62607,11,
1,2,1,2,43,35,0,62607,11,
1,2,4,2,43,33,0,62607,11,
1,2,1,2,39,52,3,3320,11,
1,1,0,2,39,38,3,3320,11,
1,2,0,1,37,17,3,3320,11,
1,2,0,0,0,14,3,3320,11,
1,1,0,0,0,11,3,3320,11,
1,2,0,0,43,70,0,10860,11,
1,1,0,0,43,70,0,10860,11,
1,1,0,0,34,85,0,34258,11,
1,2,1,2,44,26,0,15,11,
1,1,0,0,39,77,0,0,11,
1,2,1,2,44,35,0,10,11,
1,1,1,2,43,25,0,0,11,
1,2,1,2,39,52,4,5345,11,
1,1,1,2,39,50,4,5345,11,
1,1,0,0,0,13,4,5345,11,
1,1,0,0,0,11,4,5345,11,
1,2,0,0,0,8,4,5345,11,
1,1,0,0,0,6,4,5345,11,
1,1,0,0,44,72,0,35296,11,
2,1,1,2,39,32,1,5,11,
2,1,0,0,0,8,1,5,11,
1,2,1,2,43,43,2,100450,11,
1,2,0,1,37,18,2,100450,11,
1,1,0,0,0,7,2,100450,11,
1,1,0,0,0,6,2,100450,11,
1,1,5,2,43,27,0,19620,11,
1,2,1,2,45,31,0,1093,11,
2,1,1,2,44,49,2,372,11,
2,2,1,2,44,38,2,372,11,
1,2,0,1,38,17,2,372,11,
1,1,0,0,0,13,2,372,11,
1,1,1,2,39,45,0,180,11,
1,1,1,2,45,41,0,40009,11,
1,2,1,2,45,42,0,40009,11,
1,2,0,0,43,69,0,50270,11,
1,1,0,0,43,79,0,50270,11,
1,2,0,0,44,55,0,34010,11,
1,1,0,0,43,57,0,34010,11,
1,2,2,2,44,49,0,30001,11,
1,1,2,2,44,52,0,30001,11,
1,2,0,0,44,68,0,64546,11,
1,1,0,0,43,68,0,64546,11,
1,2,1,0,44,62,0,26400,11,
1,1,2,2,44,24,0,520,11,
1,2,1,2,43,25,0,5420,11,
1,1,1,2,44,25,0,400,11,
1,1,1,2,43,24,0,2200,11,
1,2,1,2,44,39,0,1005,11,
1,2,1,2,44,39,0,1701,11,
1,2,1,2,44,27,0,25007,11,
1,1,2,0,39,20,0,19095,11,
1,2,1,2,39,20,0,19095,11,
1,2,0,0,43,68,0,325747,11,
1,1,0,0,43,76,0,325747,11,
1,2,2,2,44,49,0,40020,11,
1,2,1,0,45,69,0,865031,11,
1,1,0,0,45,70,0,865031,11,
1,1,1,2,45,29,0,35314,11,
1,2,1,2,44,28,0,42000,11,
1,2,1,2,46,38,1,64100,11,
1,1,1,2,46,40,1,64100,11,
1,2,0,0,0,6,1,64100,11,
1,1,1,2,43,41,0,54500,11,
1,1,5,2,43,45,0,54500,11,
1,2,1,2,43,25,0,35853,11,
1,1,5,0,44,63,0,930999,11,
1,2,0,0,44,60,0,930999,11,
1,2,1,2,40,21,0,76,11,
1,1,0,0,45,59,1,413,11,
1,2,1,2,44,51,1,413,11,
1,1,0,0,0,8,1,413,11,
1,1,1,2,43,26,0,11300,11,
1,1,1,2,44,21,0,1000,11,
1,1,1,2,43,21,0,1000,11,
1,1,1,2,40,43,0,17022,11,
1,2,0,1,44,29,0,67100,11,
1,2,5,2,44,43,1,220,11,
1,1,1,2,45,44,1,220,11,
1,1,0,0,0,8,1,220,11,
1,2,0,0,40,69,0,29010,11,
1,2,1,2,43,27,0,6988,11,
1,2,1,2,43,25,0,0,11,
1,2,1,2,43,24,0,1,11,
1,1,5,2,43,51,1,4830,11,
1,2,1,2,46,51,1,4830,11,
1,1,0,0,0,8,1,4830,11,
1,1,2,2,44,45,0,15500,11,
1,1,2,2,46,54,0,85203,11,
1,2,1,2,46,47,0,85203,11,
1,2,0,0,44,85,0,125573,11,
1,1,5,2,43,49,0,136312,11,
1,2,1,2,43,41,0,558,11,
1,2,1,2,39,40,2,12000,11,
1,1,4,2,39,43,2,12000,11,
1,2,0,1,37,17,2,12000,11,
1,2,0,0,0,11,2,12000,11,
1,2,4,0,44,70,0,99517,11,
1,1,2,2,44,40,0,11640,11,
1,2,1,2,44,36,0,39080,11,
1,2,2,2,44,26,0,4010,11,
1,2,1,2,44,25,0,4010,11,
1,2,4,2,44,47,0,18180,11,
1,1,1,2,43,27,0,485,11,
1,2,1,2,46,35,0,1540,11,
1,1,1,2,46,37,0,1540,11,
1,1,1,2,44,26,0,21000,11,
1,1,0,0,39,70,0,64606,11,
1,2,4,2,40,39,0,64606,11,
1,1,1,2,40,41,2,8411,11,
1,2,1,1,40,18,2,8411,11,
1,2,3,1,36,16,2,8411,11,
1,1,0,0,0,10,2,8411,11,
1,2,1,2,39,39,2,611,11,
1,1,1,2,39,23,0,0,11,
1,1,1,2,39,32,0,0,11,
1,2,1,2,39,28,0,0,11,
1,1,0,0,39,62,0,22800,11,
1,2,1,2,45,28,0,0,11,
1,1,1,2,43,33,0,3543,11,
1,2,1,2,43,29,0,3543,11,
1,2,0,0,40,61,0,91561,11,
1,1,1,2,37,21,0,91561,11,
1,1,5,0,45,62,0,110,11,
1,2,1,0,43,57,0,110,11,
1,1,1,2,43,25,0,110,11,
1,1,1,2,39,21,0,110,11,
1,1,6,2,43,45,2,32402,11,
1,2,1,2,45,38,2,32402,11,
1,1,0,0,0,6,2,32402,11,
1,2,0,0,0,4,2,32402,11,
1,1,1,2,45,36,2,46099,11,
1,2,1,2,45,36,2,46099,11,
1,2,0,0,0,3,2,46099,11,
1,2,0,0,0,2,2,46099,11,
1,1,2,2,46,43,1,103816,11,
1,2,1,2,44,42,1,103816,11,
1,2,0,0,0,12,1,103816,11,
1,2,2,2,44,31,0,2,11,
1,1,1,2,43,26,0,1400,11,
1,1,1,2,43,26,0,2100,11,
1,1,1,2,43,25,0,900,11,
1,1,1,0,45,85,0,0,11,
1,1,1,2,43,35,0,0,11,
1,2,0,0,40,71,2,33347,11,
1,1,1,2,37,25,2,33347,11,
1,1,0,2,40,22,2,33347,11,
1,2,0,1,37,18,2,33347,11,
1,1,4,2,42,53,2,310,11,
1,2,0,0,0,10,2,310,11,
1,1,0,0,0,6,2,310,11,
1,1,0,0,43,60,0,0,11,
1,2,1,2,44,39,2,119910,11,
1,1,1,2,44,48,2,119910,11,
1,2,0,0,0,5,2,119910,11,
1,2,0,0,0,5,2,119910,11,
1,2,0,0,39,85,0,48030,11,
1,2,0,0,39,77,0,48030,11,
1,1,1,2,44,33,0,6000,11,
1,2,1,2,43,32,0,6000,11,
1,1,6,0,45,64,0,3010,11,
1,2,1,0,43,59,0,3010,11,
1,2,0,0,40,73,0,32184,11,
1,1,1,0,39,64,0,32184,11,
1,1,4,2,43,41,0,3456,11,
1,2,1,2,44,41,0,3456,11,
1,2,1,2,43,25,0,0,11,
1,2,2,2,43,25,0,1010,11,
1,1,6,2,43,37,0,81961,11,
1,2,1,2,45,37,0,1000,11,
1,1,0,0,45,64,0,310504,11,
1,2,1,0,44,60,0,310504,11,
1,2,0,0,39,77,0,22032,11,
1,2,1,2,46,37,0,10009,11,
1,1,1,2,44,35,0,10009,11,
1,1,0,0,44,64,0,44,11,
1,2,1,0,44,60,0,44,11,
1,1,1,2,43,35,0,605,11,
1,1,1,2,44,41,0,20200,11,
1,1,1,2,43,31,0,7026,11,
1,2,0,0,40,65,0,32000,11,
1,2,6,0,46,56,0,12503,11,
2,1,1,2,39,49,0,2,11,
1,2,1,2,43,43,0,2,11,
1,1,1,2,39,27,0,0,11,
2,2,0,2,39,25,0,0,11,
1,2,0,1,40,22,0,65892,11,
1,2,0,0,39,65,0,2001,11,
1,2,4,2,43,33,3,0,11,
1,1,1,2,43,37,3,0,11,
1,1,0,0,0,3,3,0,11,
1,1,0,0,0,3,3,0,11,
1,2,0,0,0,2,3,0,11,
1,1,2,2,43,50,0,100438,11,
1,2,2,2,43,49,0,100438,11,
1,2,1,2,43,25,0,3001,11,
1,2,0,1,43,25,0,32351,11,
1,2,0,2,39,51,1,4800,11,
1,1,0,1,38,17,1,4800,11,
1,2,0,0,44,73,0,106162,11,
1,1,0,0,40,65,0,600,11,
1,2,1,1,43,25,0,45861,11,
1,2,2,2,44,42,1,18500,11,
1,2,0,0,0,6,1,18500,11,
1,2,0,2,42,39,0,12100,11,
1,2,0,2,41,36,1,0,11,
1,2,1,2,39,19,1,0,11,
1,2,0,0,0,12,1,0,11,
1,2,1,2,43,27,0,27200,11,
1,1,1,0,43,39,1,18009,11,
1,2,0,2,43,39,1,18009,11,
1,1,0,1,35,16,1,18009,11,
1,2,1,2,43,27,0,3515,11,
1,2,1,2,43,31,0,145,11,
1,1,1,0,39,23,0,290,11,
1,2,0,2,39,23,0,290,11,
1,2,1,0,44,66,0,0,11,
1,1,1,2,43,29,0,11300,11,
1,2,0,0,38,85,0,11496,11,
1,1,1,2,40,31,1,0,11,
1,2,0,0,0,9,1,0,11,
1,2,1,2,43,24,0,658,11,
1,2,1,2,43,23,0,301,11,
1,2,1,2,44,38,0,14428,11,
1,1,2,0,43,73,0,14428,11,
1,2,6,2,43,53,1,0,11,
1,1,0,0,0,11,1,0,11,
1,2,1,2,43,26,0,24000,11,
1,2,1,2,45,28,0,556,11,
1,1,1,0,43,61,0,41000,11,
1,1,5,0,45,60,0,41000,11,
1,2,1,2,44,43,1,18154,11,
1,1,1,2,44,43,1,18154,11,
1,2,0,0,0,5,1,18154,11,
1,2,0,0,44,70,0,113758,11,
1,1,1,0,44,64,0,12635,11,
1,2,2,2,44,52,0,12635,11,
1,1,1,2,44,34,0,30254,11,
1,2,1,2,40,20,0,27749,11,
1,2,4,2,43,25,0,0,11,
1,1,0,1,46,31,0,2,11,
1,1,0,0,44,75,0,203300,11,
1,2,1,0,43,63,0,203300,11,
1,2,1,2,40,22,0,203300,11,
1,1,6,2,43,49,3,9000,11,
1,2,6,2,45,44,3,9000,11,
1,1,0,0,0,9,3,9000,11,
1,2,0,0,0,7,3,9000,11,
1,2,0,0,0,5,3,9000,11,
1,1,1,2,44,38,0,149500,11,
1,1,1,2,44,38,0,149500,11,
1,1,4,0,46,62,0,1250,11,
1,2,4,0,44,60,0,1250,11,
1,2,0,0,43,85,0,21000,11,
2,1,0,0,39,62,0,0,11,
2,1,0,1,43,43,0,0,11,
1,1,0,1,40,43,0,0,11,
2,1,5,2,40,43,0,0,11,
1,1,5,2,46,46,0,4500,11,
1,2,1,2,43,46,1,8000,11,
1,2,0,0,0,10,1,8000,11,
1,2,1,2,40,21,0,111499,11,
1,1,1,2,43,26,0,5003,11,
1,2,1,2,44,28,0,8950,11,
1,2,1,2,44,26,0,713,11,
1,1,0,0,40,70,0,1750,11,
1,2,0,0,39,58,0,360,11,
1,1,0,2,36,50,0,732,11,
1,2,1,2,45,41,2,106977,11,
1,1,1,2,44,46,2,106977,11,
1,1,0,0,0,10,2,106977,11,
1,1,0,0,0,9,2,106977,11,
1,1,1,2,45,34,0,27,11,
1,2,1,2,45,28,0,1160,11,
1,1,5,2,43,48,0,136312,11,
1,2,1,2,43,25,0,681,11,
1,2,0,1,43,25,0,4500,11,
1,1,0,0,44,78,0,174610,11,
1,2,1,2,46,48,0,56011,11,
1,2,2,2,44,49,0,2500,11,
1,2,2,2,44,54,0,22001,11,
1,1,2,2,44,53,0,22001,11,
1,2,1,2,44,30,0,5160,11,
1,1,1,2,44,32,0,5160,11,
1,2,1,0,39,70,2,80220,11,
1,2,2,2,44,48,2,54240,11,
1,2,0,0,0,13,2,54240,11,
1,2,0,0,0,6,2,54240,11,
1,2,1,2,44,34,0,18251,11,
1,2,1,2,46,36,0,100,11,
1,1,0,0,44,76,1,44006,11,
2,1,0,1,39,37,1,44006,11,
1,1,0,0,35,15,1,44006,11,
1,2,1,2,41,31,0,2500,11,
1,2,1,2,43,26,0,2500,11,
1,1,0,0,43,85,0,147512,11,
1,2,0,0,42,73,0,147512,11,
1,2,1,2,42,54,0,147512,11,
1,2,1,2,43,35,0,147512,11,
1,2,0,0,43,80,0,24004,11,
1,2,4,2,39,40,2,4362,11,
1,2,0,0,0,13,2,4362,11,
1,1,0,0,0,8,2,4362,11,
1,2,1,0,39,63,2,4362,11,
1,2,1,2,43,51,0,1004,11,
1,1,1,2,44,31,0,1250,11,
1,2,4,2,44,29,0,22550,11,
1,1,1,2,43,40,0,11010,11,
1,1,2,2,43,34,0,7014,11,
1,2,1,2,43,34,0,7014,11,
1,2,1,0,31,69,0,68472,11,
1,1,0,0,40,69,0,68472,11,
1,1,2,0,43,25,0,10000,11,
1,1,3,2,43,31,0,1469,11,
1,1,2,0,43,28,0,0,11,
1,1,5,2,44,53,1,100911,11,
1,2,1,2,44,54,1,100911,11,
1,2,0,0,0,13,1,100911,11,
1,1,2,2,43,39,0,20550,11,
1,2,1,2,44,38,0,20550,11,
1,2,1,2,43,40,0,0,11,
1,1,1,2,43,36,0,0,11,
1,2,1,2,43,28,0,3355,11,
1,1,1,2,45,29,0,100,11,
1,1,1,2,43,24,0,5,11,
1,1,2,0,44,36,0,11525,11,
1,2,1,2,43,32,0,11525,11,
1,1,1,2,43,44,0,4785,11,
1,1,1,2,43,39,0,21,11,
1,1,1,2,44,40,0,15115,11,
1,2,1,2,44,53,1,2128,11,
1,2,0,2,39,24,1,2128,11,
1,1,0,1,39,17,1,2128,11,
1,2,1,2,43,24,0,673,11,
1,2,1,2,43,28,0,2100,11,
1,1,0,0,39,72,0,14705,11,
1,2,4,2,39,30,5,14964,11,
1,1,0,0,0,13,5,14964,11,
1,1,0,0,0,10,5,14964,11,
1,1,0,0,0,9,5,14964,11,
1,2,0,0,0,6,5,14964,11,
1,1,0,0,0,2,5,14964,11,
1,2,0,0,39,62,0,10560,11,
1,1,1,2,39,26,0,10560,11,
1,2,1,0,43,68,0,102724,11,
1,2,1,2,39,38,0,2,11,
1,2,0,1,38,19,0,0,11,
1,2,2,2,45,36,0,7354,11,
1,1,1,2,43,35,0,7354,11,
2,1,0,1,37,19,0,0,11,
1,1,0,1,43,25,0,2908,11,
1,2,1,2,43,27,0,4005,11,
1,2,0,2,39,53,1,0,11,
1,1,0,0,39,67,1,0,11,
1,2,1,2,42,23,1,0,11,
1,1,0,0,34,15,1,0,11,
1,2,1,2,44,27,0,0,11,
1,1,1,2,45,26,0,0,11,
1,1,1,2,39,39,0,0,11,
1,2,0,2,39,35,0,0,11,
1,1,1,2,42,31,1,40,11,
2,2,1,2,39,33,1,40,11,
2,1,0,0,0,11,1,40,11,
1,1,1,2,44,36,0,200,11,
1,2,2,2,46,33,0,7700,11,
1,1,1,2,39,44,1,9600,11,
1,2,4,2,33,33,1,9600,11,
1,1,0,2,39,18,1,9600,11,
1,1,0,0,0,10,1,9600,11,
1,1,1,2,35,52,0,2065,11,
1,2,1,0,39,57,0,2065,11,
2,2,1,2,44,32,0,13152,11,
1,1,5,2,43,33,0,5501,11,
1,2,1,2,45,37,0,1100,11,
1,1,2,2,43,52,0,73950,11,
1,2,1,2,44,50,0,73950,11,
2,2,1,1,42,26,0,73950,11,
1,2,1,2,44,34,0,10000,11,
1,1,1,2,44,33,0,2362,11,
1,1,1,2,39,36,0,4032,11,
1,1,5,2,43,45,1,15820,11,
1,2,5,2,46,43,1,15820,11,
1,2,0,0,0,0,1,15820,11,
1,1,1,2,44,48,0,13024,11,
1,1,1,2,44,31,0,7401,11,
1,1,1,2,40,47,0,62002,11,
1,1,2,2,44,35,0,3750,11,
1,2,1,2,45,46,0,53750,11,
1,1,0,2,43,48,0,53750,11,
1,1,1,2,43,24,0,13800,11,
1,2,1,2,46,48,0,0,11,
1,2,1,2,46,42,0,0,11,
1,2,1,2,46,42,0,0,11,
1,2,1,2,46,39,0,0,11,
1,2,1,2,46,37,0,0,11,
1,2,1,2,46,31,0,0,11,
1,2,1,2,44,31,0,3000,11,
1,2,2,2,44,29,0,0,11,
1,2,0,1,44,28,0,4250,11,
1,2,1,2,44,27,0,0,11,
1,2,0,1,44,23,0,80000,11,
1,1,1,0,44,69,0,13260,11,
1,1,1,2,43,36,0,13260,11,
1,1,1,2,44,33,0,941,11,
1,2,1,2,44,41,0,8150,11,
1,2,2,0,43,62,0,103608,11,
1,1,2,0,43,61,0,103608,11,
1,1,2,2,43,27,0,103608,11,
1,2,5,0,44,58,0,194500,11,
1,1,2,0,44,59,0,194500,11,
1,2,0,0,33,85,0,13812,11,
1,1,4,2,44,32,0,5215,11,
1,2,1,2,44,35,0,10160,11,
1,1,0,0,40,74,1,12026,11,
1,1,1,2,37,37,1,12026,11,
1,1,1,0,39,62,1,101,11,
2,2,1,0,39,60,1,101,11,
1,2,1,2,43,31,1,0,11,
1,1,0,0,0,9,1,0,11,
1,2,1,2,44,34,0,1911,11,
1,2,2,2,43,34,0,5000,11,
1,1,1,2,46,45,0,2407,11,
1,1,1,2,44,37,0,3,11,
1,2,1,2,43,38,0,61,11,
1,2,0,1,43,46,0,61,11,
2,2,1,2,33,29,1,0,11,
2,1,0,0,0,13,1,0,11,
1,2,1,2,45,27,0,58475,11,
2,1,1,2,34,39,0,30,11,
1,2,1,2,43,35,0,30,11,
1,1,1,0,38,59,0,11676,11,
1,1,2,2,45,36,1,5455,11,
1,2,1,2,43,34,1,5455,11,
1,1,0,0,0,2,1,5455,11,
1,1,1,2,43,41,1,62900,11,
1,2,4,2,43,41,1,62900,11,
1,2,0,0,0,7,1,62900,11,
1,2,1,2,43,30,0,6200,11,
1,2,2,2,46,31,0,1800,11,
1,2,1,2,43,29,0,470,11,
1,2,0,0,43,75,0,25020,11,
1,2,1,2,44,28,0,0,11,
1,2,0,0,33,63,0,9600,11,
1,2,1,2,43,25,0,2430,11,
1,2,1,2,46,48,1,3602,11,
1,1,1,2,44,45,1,3602,11,
1,2,0,0,0,8,1,3602,11,
1,1,0,2,44,51,2,105109,11,
1,2,0,2,44,47,2,105109,11,
1,2,0,0,0,10,2,105109,11,
1,1,0,0,0,7,2,105109,11,
1,2,1,2,44,44,0,63168,11,
1,2,1,2,39,38,2,0,11,
1,2,1,2,39,22,2,0,11,
1,2,0,0,0,13,2,0,11,
1,2,1,2,39,40,2,0,11,
1,2,0,1,37,17,2,0,11,
1,2,1,2,44,40,2,20001,11,
1,1,1,2,44,45,2,20001,11,
1,1,0,0,0,7,2,20001,11,
1,2,0,0,0,5,2,20001,11,
1,1,1,2,44,36,0,5400,11,
1,2,0,0,44,72,0,245300,11,
1,2,0,0,39,62,0,0,11,
1,1,1,0,43,55,1,900,11,
1,2,0,0,0,11,1,900,11,
1,1,0,0,44,71,0,312921,11,
1,2,0,0,44,66,0,312921,11,
1,2,0,0,39,85,0,312921,11,
1,2,0,0,42,65,0,42445,11,
1,1,1,0,44,62,0,217000,11,
1,1,6,2,44,45,0,217000,11,
1,2,1,2,43,36,0,25095,11,
1,2,1,2,43,33,0,7000,11,
1,2,2,0,46,58,1,3010,11,
1,2,0,0,35,15,1,3010,11,
1,1,1,2,43,24,0,1301,11,
1,2,0,0,44,85,0,26220,11,
1,2,2,2,43,29,0,310,11,
1,1,3,0,44,74,0,34945,11,
1,2,1,2,39,33,0,0,11,
1,2,1,0,40,56,0,0,11,
1,1,6,0,40,64,0,0,11,
1,2,0,0,41,71,0,63906,11,
1,2,1,0,41,55,0,63906,11,
1,1,0,0,36,76,0,14448,11,
1,2,0,0,43,69,0,111044,11,
1,1,4,0,39,56,0,1,11,
1,1,1,2,39,45,0,1,11,
1,1,2,0,40,63,0,13000,11,
1,2,4,0,44,58,0,767,11,
1,1,1,0,43,70,0,759,11,
1,2,0,0,39,85,0,18000,11,
1,1,1,0,39,69,0,18000,11,
1,1,2,2,45,37,1,79902,11,
1,2,1,2,44,37,1,79902,11,
1,2,0,0,0,3,1,79902,11,
1,2,0,0,39,85,0,49420,11,
1,1,0,0,39,64,0,49420,11,
1,1,1,0,39,64,0,49420,11,
1,2,0,0,36,56,0,10788,11,
1,2,0,0,45,79,0,16920,11,
1,2,0,2,39,36,3,11088,11,
1,2,0,1,37,17,3,11088,11,
1,2,0,0,36,15,3,11088,11,
1,1,0,0,0,9,3,11088,11,
1,2,1,2,46,28,0,713,11,
1,1,1,2,44,38,0,0,11,
1,1,1,0,44,56,1,85404,11,
1,2,1,2,46,54,1,85404,11,
1,1,1,2,43,21,1,85404,11,
1,2,1,1,38,17,1,85404,11,
1,1,2,2,45,53,2,2306,11,
1,2,1,2,45,46,2,2306,11,
1,1,0,0,0,12,2,2306,11,
1,2,0,0,0,9,2,2306,11,
1,2,1,2,43,44,1,22166,11,
1,1,2,2,43,51,1,22166,11,
1,1,0,0,0,10,1,22166,11,
1,2,2,2,44,53,0,2400,11,
1,1,4,2,45,48,0,187,11,
1,2,2,2,45,44,0,2,11,
1,1,1,2,44,37,3,89874,11,
1,2,4,2,44,37,3,89874,11,
1,1,0,0,0,3,3,89874,11,
1,1,0,0,0,0,3,89874,11,
1,1,0,0,0,0,3,89874,11,
1,1,0,0,43,78,0,59336,11,
1,1,0,0,44,64,0,45594,11,
1,2,0,0,43,85,0,0,11,
1,2,4,2,44,48,2,0,11,
1,1,2,2,46,51,2,0,11,
1,2,0,0,0,11,2,0,11,
1,2,0,0,0,9,2,0,11,
1,1,1,2,43,26,0,2958,11,
1,1,3,2,44,42,2,41958,11,
1,2,5,2,44,43,2,41958,11,
1,1,0,0,0,11,2,41958,11,
1,1,0,0,0,7,2,41958,11,
1,2,1,0,40,61,0,14410,11,
1,2,0,0,39,69,0,62942,11,
1,2,4,0,40,69,1,28921,11,
1,2,0,0,0,9,1,28921,11,
1,2,1,2,43,46,3,700,11,
1,1,0,0,0,11,3,700,11,
1,2,0,0,0,7,3,700,11,
1,2,0,0,0,5,3,700,11,
1,1,1,2,44,35,2,24183,11,
1,2,1,2,44,33,2,24183,11,
1,2,0,0,0,3,2,24183,11,
1,1,0,0,0,0,2,24183,11,
1,1,2,2,44,50,2,0,11,
1,2,2,2,44,53,2,0,11,
1,1,0,0,0,11,2,0,11,
1,1,0,0,0,10,2,0,11,
1,2,0,0,43,72,0,20005,11,
1,2,0,0,39,85,0,36608,11,
1,2,2,0,43,55,0,36608,11,
1,2,1,2,43,24,0,36608,11,
1,1,5,2,43,42,2,7001,11,
1,2,2,2,44,38,2,7001,11,
1,1,0,0,0,3,2,7001,11,
1,2,0,0,0,1,2,7001,11,
1,1,0,0,44,78,0,0,11,
1,2,3,2,44,45,0,1200,11,
1,2,0,0,40,71,0,0,11,
1,1,0,1,39,23,0,0,11,
1,2,0,0,39,77,0,44858,11,
1,2,1,2,43,54,0,176,11,
1,1,3,0,40,55,0,176,11,
1,1,1,2,44,47,2,12420,11,
1,2,1,2,44,38,2,12420,11,
1,1,0,0,0,6,2,12420,11,
1,1,0,0,0,3,2,12420,11,
1,2,0,0,41,80,0,136951,11,
1,1,0,0,43,85,0,136951,11,
1,2,0,0,39,80,0,11221,11,
1,1,0,0,43,85,0,11221,11,
1,1,0,0,43,63,0,103405,11,
1,2,0,0,40,85,0,272064,11,
1,2,0,0,39,61,0,0,11,
1,2,0,0,36,55,0,10800,11,
1,2,0,0,40,59,0,11844,11,
1,2,1,0,46,55,0,21701,11,
1,1,4,2,44,31,0,10271,11,
1,2,0,2,39,53,0,11928,11,
1,2,6,2,46,52,0,30298,11,
1,1,0,2,39,26,0,30298,11,
1,1,6,2,40,19,0,30298,11,
1,1,1,2,43,42,2,49810,11,
1,2,1,2,43,44,2,49810,11,
1,1,0,0,0,8,2,49810,11,
1,1,0,0,0,5,2,49810,11,
1,2,5,2,39,54,0,31,11,
1,2,1,2,44,53,1,1560,11,
1,1,1,0,45,57,1,1560,11,
1,1,0,0,0,11,1,1560,11,
1,1,1,2,38,47,2,0,11,
1,2,1,2,38,46,2,0,11,
1,1,0,1,36,17,2,0,11,
1,1,0,0,0,6,2,0,11,
1,2,1,2,39,35,0,0,11,
1,2,1,2,43,24,0,1150,11,
1,1,1,0,43,76,0,224665,11,
1,2,5,0,43,72,0,224665,11,
1,2,0,0,40,63,0,33840,11,
1,1,0,0,33,80,0,33840,11,
1,1,1,2,42,27,0,0,11,
1,2,4,2,39,52,0,0,11,
1,1,1,2,39,52,1,4100,11,
1,2,6,0,39,80,1,4100,11,
1,1,0,0,0,5,1,4100,11,
1,2,6,2,45,38,0,2500,11,
1,2,1,2,40,33,0,65751,11,
1,1,0,0,40,55,0,15720,11,
1,2,2,0,40,65,1,7,11,
1,1,0,0,0,9,1,7,11,
1,2,0,0,43,80,0,35093,11,
1,2,1,2,43,23,0,5917,11,
1,2,3,2,43,29,0,10021,11,
1,2,1,2,43,36,0,1000,11,
1,2,2,2,39,42,2,0,11,
1,2,0,0,0,8,2,0,11,
1,2,0,0,0,7,2,0,11,
1,2,0,0,40,70,0,33516,11,
1,2,1,2,43,25,0,5966,11,
1,2,1,2,43,25,0,2155,11,
1,1,1,2,45,45,2,4322,11,
1,2,2,2,44,45,2,4322,11,
1,1,0,0,0,11,2,4322,11,
1,1,0,0,0,11,2,4322,11,
1,1,1,2,45,47,0,870,11,
1,2,0,2,35,41,1,80,11,
1,2,1,2,39,23,1,80,11,
1,2,0,1,37,20,1,80,11,
1,1,0,0,0,13,1,80,11,
1,2,1,2,39,49,1,16608,11,
1,1,1,2,39,25,1,16608,11,
1,1,0,1,37,18,1,16608,11,
1,1,0,0,0,10,1,16608,11,
1,2,0,0,39,75,1,16608,11,
1,1,1,2,43,35,1,27363,11,
1,2,1,2,43,31,1,27363,11,
1,2,0,0,0,1,1,27363,11,
1,1,1,2,43,44,0,15395,11,
1,2,2,2,43,43,0,15395,11,
1,1,0,0,40,69,0,18800,11,
1,1,0,0,40,74,0,43620,11,
1,2,0,0,43,64,0,14566,11,
1,2,1,0,39,63,0,56,11,
1,1,1,2,42,40,0,56,11,
1,1,1,2,39,40,0,22397,11,
1,1,1,2,39,54,0,2906,11,
1,2,2,2,44,44,0,2906,11,
1,2,0,0,39,80,0,33430,11,
1,1,1,2,43,50,0,9672,11,
1,2,1,2,44,47,0,9672,11,
1,1,0,0,37,65,0,15180,11,
1,2,0,2,37,49,0,529,11,
1,1,0,2,39,26,0,0,11,
1,1,1,2,39,25,0,0,11,
1,1,1,2,43,25,0,19920,11,
1,2,2,2,45,54,2,37015,11,
1,2,4,1,43,16,2,37015,11,
2,2,1,1,37,16,2,37015,11,
1,1,2,2,44,46,1,2962,11,
1,2,1,2,44,41,1,2962,11,
1,2,0,1,36,16,1,2962,11,
1,2,0,2,46,46,1,42228,11,
1,1,2,2,44,45,1,42228,11,
1,2,0,0,0,9,1,42228,11,
1,1,3,0,44,58,0,37716,11,
1,2,0,1,40,20,0,37716,11,
1,1,0,0,39,60,0,13020,11,
1,1,2,2,43,41,2,53430,11,
1,2,1,2,44,42,2,53430,11,
1,1,0,0,0,8,2,53430,11,
1,2,0,0,0,3,2,53430,11,
1,2,1,0,41,75,0,700,11,
1,1,1,2,46,26,1,12296,11,
1,2,1,0,44,79,1,12296,11,
1,1,0,0,0,2,1,12296,11,
1,1,0,0,40,72,0,33348,11,
1,2,1,2,40,31,0,1,11,
1,1,6,0,43,67,0,8000,11,
1,2,1,0,42,64,0,6000,11,
1,2,1,2,44,36,2,45757,11,
1,1,1,2,44,46,2,45757,11,
1,1,0,0,0,5,2,45757,11,
1,1,0,0,0,2,2,45757,11,
1,2,0,0,43,73,0,0,11,
1,1,0,0,43,64,0,0,11,
1,2,1,2,44,29,0,0,11,
1,2,2,0,44,63,0,0,11,
1,2,0,0,40,61,0,43200,11,
1,2,6,0,39,67,0,31589,11,
1,2,2,2,39,48,0,31589,11,
1,2,4,2,39,54,0,48000,11,
1,2,0,2,40,50,1,22008,11,
1,1,0,2,39,24,1,22008,11,
1,1,0,0,0,11,1,22008,11,
1,2,1,2,44,26,0,0,11,
1,2,0,2,43,24,0,0,11,
1,1,1,2,44,45,0,0,11,
1,2,1,2,44,42,0,0,11,
1,1,1,0,46,69,0,26270,11,
1,2,5,2,39,48,1,2,11,
1,1,1,2,37,50,1,2,11,
1,1,1,2,39,29,1,2,11,
1,1,1,2,39,28,1,2,11,
1,2,5,2,39,28,1,2,11,
1,2,1,2,43,27,1,2,11,
1,1,1,2,39,23,1,2,11,
1,2,1,2,39,21,1,2,11,
1,2,0,0,0,6,1,2,11,
1,2,5,2,43,49,1,2,11,
1,1,0,0,39,85,0,3547,11,
2,1,1,2,39,41,0,0,11,
1,2,1,2,43,30,0,0,11,
1,1,0,0,39,71,0,15720,11,
1,2,0,0,39,80,0,13742,11,
1,1,1,2,43,32,1,3125,11,
1,2,1,2,43,32,1,3125,11,
1,1,0,0,0,1,1,3125,11,
1,2,0,0,45,68,0,146394,11,
1,1,5,0,45,67,0,146394,11,
1,1,0,0,43,77,0,220933,11,
1,2,0,0,43,70,0,220933,11,
1,2,1,2,44,28,0,11,11,
1,2,1,2,44,34,0,11,11,
1,1,1,0,42,60,0,0,11,
1,2,1,2,39,51,0,0,11,
1,2,1,2,39,46,0,0,11,
1,1,2,0,40,36,4,7259,11,
1,2,0,2,40,36,4,7259,11,
1,2,0,0,0,11,4,7259,11,
1,1,0,0,0,7,4,7259,11,
1,2,0,0,0,4,4,7259,11,
1,2,0,0,0,2,4,7259,11,
1,1,1,0,43,62,0,8257,11,
1,2,2,0,46,55,0,8257,11,
1,1,5,2,44,41,0,0,11,
1,1,2,2,44,41,0,0,11,
1,2,0,0,39,71,0,628,11,
1,1,2,0,40,70,0,56240,11,
1,1,0,2,39,46,0,19428,11,
1,1,1,2,43,34,0,300,11,
1,2,0,0,43,85,0,37200,11,
1,1,1,0,43,66,0,27568,11,
1,2,1,0,44,57,0,204254,11,
1,2,0,0,46,78,0,204254,11,
1,2,0,0,40,75,0,10800,11,
1,1,1,2,43,34,0,0,11,
1,2,5,0,44,69,0,41500,11,
1,2,1,2,39,40,3,0,11,
1,1,1,2,39,48,3,0,11,
1,2,0,0,0,9,3,0,11,
1,2,0,0,0,8,3,0,11,
1,2,0,1,36,17,3,0,11,
1,1,0,0,39,75,0,0,11,
1,2,1,2,40,29,0,185,11,
1,1,1,2,43,48,1,74000,11,
1,2,5,2,43,48,1,74000,11,
1,2,0,1,37,18,1,74000,11,
1,2,0,0,0,13,1,74000,11,
1,2,0,2,43,44,1,1305,11,
1,1,2,0,44,45,1,1305,11,
1,2,0,0,0,11,1,1305,11,
1,2,1,2,46,33,0,6100,11,
1,2,1,2,43,37,0,102000,11,
1,1,1,2,45,33,0,40000,11,
1,1,1,2,43,53,1,1020,11,
1,1,0,0,0,13,1,1020,11,
1,1,1,2,39,54,0,130419,11,
1,2,0,0,39,78,0,130419,11,
1,2,1,2,39,36,0,0,11,
1,2,2,0,44,61,0,97521,11,
1,1,0,0,44,60,0,97521,11,
1,2,0,2,39,37,2,5400,11,
1,2,0,0,0,13,2,5400,11,
1,1,0,0,0,8,2,5400,11,
1,2,1,2,45,39,3,24911,11,
1,1,1,2,45,39,3,24911,11,
1,2,0,0,0,3,3,24911,11,
1,2,0,0,0,1,3,24911,11,
1,1,0,0,0,0,3,0,11,
1,1,1,0,45,56,2,131000,11,
1,2,0,2,46,54,2,131000,11,
1,1,0,0,0,12,2,131000,11,
1,1,0,0,0,12,2,0,11,
1,2,1,2,43,52,1,401,11,
1,1,0,0,35,15,1,401,11,
1,1,5,0,39,68,1,17,11,
1,2,1,2,39,45,1,17,11,
1,1,0,1,38,17,1,17,11,
1,2,0,0,44,85,0,47527,11,
1,1,1,2,39,19,1,0,11,
1,2,1,2,39,21,1,0,11,
2,2,1,2,35,47,1,0,11,
1,1,0,0,35,15,1,0,11,
1,1,0,0,45,80,0,69207,11,
1,2,1,0,44,80,0,69207,11,
1,2,0,0,39,80,0,17820,11,
1,2,0,0,37,63,0,13740,11,
1,1,0,0,38,62,0,16032,11,
1,1,0,0,37,70,0,15444,11,
1,1,2,2,44,38,0,1346,11,
1,1,1,2,43,35,0,8114,11,
1,2,0,0,40,70,0,3440,11,
1,2,1,2,40,46,0,3440,11,
1,2,1,2,40,21,0,3440,11,
1,2,0,0,39,80,0,27000,11,
1,2,1,2,43,50,0,16,11,
1,1,1,2,40,23,0,16,11,
1,2,0,0,34,80,0,30000,11,
1,2,1,2,39,33,2,0,11,
1,2,0,0,0,13,2,0,11,
1,1,0,0,0,9,2,0,11,
1,1,2,2,43,44,0,5,11,
1,2,1,2,43,42,0,5,11,
1,1,1,2,43,36,0,0,11,
1,1,1,2,44,44,2,5160,11,
1,2,0,0,0,5,2,5160,11,
1,1,0,0,0,3,2,5160,11,
1,2,2,2,46,47,2,11906,11,
1,1,1,2,43,30,0,182,11,
2,2,0,2,43,29,0,2,11,
1,2,0,0,40,76,0,28158,11,
2,1,1,2,39,25,0,10,11,
2,2,1,2,44,27,0,20600,11,
1,2,0,0,40,66,0,81600,11,
1,1,1,2,43,34,0,16002,11,
1,2,1,0,43,62,0,35566,11,
1,1,1,2,43,32,0,35566,11,
1,1,2,2,44,49,1,82915,11,
1,2,1,2,44,51,1,82915,11,
1,2,0,1,37,16,1,82915,11,
1,1,1,2,44,49,2,3,11,
1,2,1,2,43,44,2,3,11,
1,2,0,0,0,9,2,3,11,
1,1,0,0,0,6,2,3,11,
1,1,0,0,46,80,0,289157,11,
1,2,0,0,46,80,0,289157,11,
1,1,0,0,43,62,0,45192,11,
1,1,0,0,37,60,0,68773,11,
1,1,3,2,45,41,2,100,11,
1,2,1,2,44,40,2,100,11,
1,1,0,0,0,6,2,100,11,
1,2,0,0,0,5,2,100,11,
1,1,1,2,44,39,1,6448,11,
1,2,1,2,44,43,1,6448,11,
1,1,0,0,0,4,1,6448,11,
1,2,0,0,39,60,0,5100,11,
1,2,0,0,39,66,0,11928,11,
1,2,0,2,39,28,0,10773,11,
1,2,4,0,40,63,0,53641,11,
1,2,1,2,40,29,0,53641,11,
1,2,0,0,37,80,0,17840,11,
1,2,0,0,36,70,0,18001,11,
1,1,3,2,44,45,0,25048,11,
1,2,0,0,37,80,0,17832,11,
1,2,0,0,39,66,0,9420,11,
1,2,4,0,42,24,1,2,11,
1,2,0,0,0,2,1,2,11,
1,2,0,0,39,56,1,2,11,
1,1,4,0,39,62,0,2,11,
1,1,1,2,44,50,1,18112,11,
1,1,2,2,44,39,1,18112,11,
1,1,0,0,0,2,1,18112,11,
1,1,1,2,43,43,2,18800,11,
1,2,1,2,44,42,2,18800,11,
1,2,0,0,0,5,2,18800,11,
1,1,0,0,0,2,2,18800,11,
1,1,1,2,45,39,0,20007,11,
1,2,1,2,43,26,0,30001,11,
2,1,1,2,39,27,0,0,11,
2,1,1,2,39,45,0,0,11,
2,1,1,2,39,24,0,0,11,
1,1,0,0,40,59,0,10720,11,
1,2,0,0,39,80,0,10720,11,
1,1,1,2,44,35,1,72800,11,
1,2,1,2,43,37,1,72800,11,
1,2,0,0,0,2,1,72800,11,
1,2,1,0,43,68,0,10058,11,
1,1,2,2,43,34,0,100,11,
1,1,0,0,40,78,0,21600,11,
1,2,0,0,39,75,0,0,11,
1,2,0,0,39,75,0,0,11,
2,2,1,0,39,56,0,0,11,
1,1,1,2,40,28,0,0,11,
1,2,0,0,40,62,0,27404,11,
1,1,4,2,39,31,0,5,11,
1,2,0,2,39,25,0,0,11,
1,2,3,2,42,45,0,19325,11,
1,1,0,1,37,18,0,19325,11,
1,2,0,0,39,62,0,23820,11,
1,2,0,0,39,65,0,0,11,
1,1,0,0,38,67,2,17340,11,
1,1,0,0,0,14,2,17340,11,
1,2,0,0,0,13,2,17340,11,
1,2,0,2,38,37,0,0,11,
1,1,0,2,38,51,0,0,11,
1,1,1,2,44,33,0,54400,11,
1,2,0,0,40,78,2,78900,11,
1,1,0,0,39,80,2,78900,11,
1,1,0,2,39,50,2,78900,11,
1,1,0,2,39,49,2,78900,11,
1,1,4,1,40,21,2,78900,11,
1,2,1,2,43,41,2,4500,11,
1,1,4,1,37,17,2,4500,11,
1,2,0,0,0,10,2,4500,11,
1,1,1,0,39,64,0,25570,11,
1,2,0,0,39,85,0,25570,11,
1,2,1,2,39,40,0,25570,11,
1,1,1,2,43,48,2,4605,11,
1,1,0,0,0,12,2,4605,11,
1,2,0,0,0,9,2,4605,11,
1,1,0,0,39,69,1,21600,11,
1,2,0,2,39,22,1,21600,11,
1,1,0,1,37,17,1,21600,11,
1,1,1,2,39,28,0,1,11,
2,2,1,0,39,59,0,1,11,
2,1,1,2,39,37,0,0,11,
1,2,3,2,39,25,0,0,11,
1,1,6,2,38,25,0,0,11,
1,1,3,2,46,45,2,0,11,
1,2,6,2,44,45,2,0,11,
1,1,0,1,37,16,2,0,11,
1,2,0,0,35,15,2,0,11,
1,1,1,2,45,32,0,66520,11,
1,2,1,0,40,62,0,201,11,
1,2,1,2,44,30,0,1,11,
1,2,1,2,34,34,0,0,11,
1,1,6,0,44,56,2,13,11,
1,2,3,2,44,54,2,13,11,
1,2,0,2,39,18,2,13,11,
1,2,0,0,0,14,2,13,11,
1,1,0,0,0,11,2,13,11,
1,1,1,2,43,33,0,16530,11,
1,2,1,2,44,37,0,16530,11,
1,1,0,0,39,66,0,33564,11,
1,1,0,0,46,72,0,197720,11,
1,1,0,0,43,76,0,21004,11,
1,1,0,0,39,85,0,38260,11,
1,2,0,0,40,61,1,24420,11,
1,1,1,2,40,20,1,24420,11,
1,2,0,0,0,14,1,24420,11,
1,2,0,0,39,75,0,14225,11,
1,2,1,2,44,47,0,0,11,
1,1,4,2,44,46,0,0,11,
1,1,1,2,40,44,0,0,11,
1,2,1,2,39,32,0,0,11,
1,2,0,0,39,73,0,14220,11,
1,2,0,0,40,68,0,12000,11