state_name,state_abb,happiness_score,pct_uninsured,n_uninsured,n_insured,pop_under65,pov_official_u18,pov_spm_u18,pov_official_1864,pov_spm_1864,pov_official_65p,pov_spm_65p,total_members,active_members,beneficiaries,total_assets,pension_assets_per_member
Hawaii,HI,65.5,4.1,48504,1141840,1190344,13.5,13,7.3,10.6,7.1,13.3,158560,65337,55820,23582579256,148729.68753784057
Maryland,MD,64.13,7.2,362232,4659274,5021506,8.7,10.7,6.8,10,6.9,14,565980.27,274624.12,235400.34,97288399848.55,171893.62422218357
Nebraska,NE,63.61,8.2,132594,1493711,1626305,8.7,7.1,6.9,6.8,6.6,10.2,183527,84114,48477,26684757236,145399.6264091932
New Jersey,NJ,63.42,9,686755,6952101,7638856,12.1,13.3,7.9,10.6,8.9,15.3,820495,453224,363884,101064391571,123174.90243206844
Connecticut,CT,62.53,7,200524,2680626,2881150,12,12.8,7.8,9.6,7.8,10.5,314376.61,138780.84,146989.21,67645780096.65,215174.34168098576
Utah,UT,61.12,9.4,284716,2757312,3042028,5.9,7.3,7.2,10.2,7.4,13.5,252949,106330,80902,46110354687,182291.11278162792
California,CA,60.09,6.9,2247123,30107369,32354492,13.7,17.9,9.6,16.9,11.2,21.1,4627269.69,1973752.09,1593411.95,1390598728330.76,300522.5157582635
New Hampshire,NH,59.56,5.8,62725,1020860,1083585,6.5,7.5,4.9,6.7,5.9,11.7,120782,50326,46667,12610974966,104411.04606646686
Massachusetts,MA,59.19,3.3,184401,5432873,5617274,9.7,12.8,8.7,11.7,10.1,14.7,710470.48,332835.18,243521.97,117121563884.07,164850.7111570209
Idaho,ID,58.31,11.1,178927,1438746,1617673,7.5,6.5,8.8,9.6,8.3,12.7,190209,78435,56676,22638982876,119021.61767319107
Minnesota,MN,58.21,6,278902,4381781,4660683,10.3,6.9,6.9,7.4,6,10.7,893564.47,346160.53,270106.79,95991928464.46,107425.85642920651
Delaware,DE,56.07,8.3,65990,733756,799746,10.8,8.7,6.4,8.3,6.5,10.5,93347.65,48759.84,38755.51,14733873313.78,157838.71703015556
South Dakota,SD,55.93,9.9,71147,651112,722259,11.4,7.8,8,7.7,7,8.9,104893,43774,34901,15642623311,149129.3347601842
Florida,FL,55.86,13.7,2442995,15409457,17852452,15.2,18.4,10.3,15,10.7,18.4,1431283.61,749297.99,542678.1,245879091403.83,171789.21751492002
Virginia,VA,55.45,8.1,572321,6491139,7063460,12.8,12.1,7.1,9.1,8.9,13.6,830004.02,429542.42,310143.86,133835969168.87,161247.37464388425
Iowa,IA,55.42,6.4,165300,2403481,2568781,10.8,8.2,7.6,8.2,6,9.1,425601,188535,141759,48117861576,113058.61963670199
New York,NY,55.42,5.9,918375,14739990,15658365,14.6,16.2,9.2,14.1,12.5,17.1,2590012,1182476,1067891,698177412690,269565.31965488964
Pennsylvania,PA,54.73,7.2,729152,9360620,10089772,12.4,11.1,8,9.5,10,13.9,1044093.69,470885.69,523136.04,150241025331.34,143896.11465934632
Georgia,GA,53.88,14,1270400,7818538,9088938,17.8,15.1,10.6,13.1,11,16,1092966.65,465467.32,311705.83,147866412057.35,135289.04295236274
Wisconsin,WI,53.62,6.4,300348,4393464,4693812,12.5,7.3,8.5,8,5.9,8,737324,279092,259814,170963713934,231870.5398630724
North Dakota,ND,53.43,6.6,41539,592026,633565,11.8,10.3,7.7,8,7.1,9.8,89884,39324,27392,8374155756,93166.25601886876
Illinois,IL,53.38,8.1,828292,9368052,10196344,14.7,12.4,9.1,10.8,9.7,13.4,1718665,618319,591633,240493233458,139930.25601731575
Arizona,AZ,52.89,12.9,763269,5166236,5929505,13.6,13.3,10.2,13.7,8.8,14.2,753759,263239,216825,79438688004,105390.03581250772
Washington,WA,52.88,7.8,512682,6024654,6537336,10.6,9.3,8.9,9.9,6.6,14,723857.68,386626,253253.86,160952018016.15,222353.1261230108
South Carolina,SC,52.82,11.2,475998,3779251,4255249,14.9,11.1,9.8,10.4,10.3,13.4,660491,234371,175873,44710802212,67693.28001744158
Rhode Island,RI,51.68,5.3,46214,819018,865232,10.6,8.4,9.2,10.6,9,12.4,104676.96,46553.13,38695.49,13720405761.43,131073.78893531108
Kansas,KS,51.29,10.1,241618,2151174,2392792,10.3,9.7,8.1,8,5.5,6.6,353877,156820,119801,29581792965,83593.43208233369
North Carolina,NC,50.97,10.2,899415,7876237,8775652,17.5,14.4,12.3,13.1,10.6,13.7,1197684,496811,361814,123694475304,103278.05606821165
Vermont,VT,49.93,5.1,24977,461314,486291,10,8.3,7,8.4,6,10.7,70023,29607,25064,7165611987,102332.26207103381
Wyoming,WY,49.47,12.5,57898,405486,463384,9.1,6.5,9,9,6.9,10.3,110236,40837,35755,10965213685,99470.35165463189
Missouri,MO,48.31,9.2,457105,4506229,4963334,13.4,9.7,8.6,9.2,6.4,10,711683.43,280719.5,260969.35,102643147662.36,144225.8500557755
Montana,MT,47.83,11.1,97609,780386,877995,10.2,9.3,7.9,9.1,9,10.9,161158.03,58920.44,50169.6,15205410478.71,94350.9329240994
Maine,ME,47.64,7.2,75311,975326,1050637,10.7,6.5,6.8,6.1,6.6,7,167123,54730,50011,19965109664,119463.56673827062
Indiana,IN,47.36,9,502456,5074581,5577037,11.6,10.6,8.8,9.8,8.1,11.3,442157.41,210221.98,180026.1,46555889759.48,105292.56935777691
Michigan,MI,47.06,6.2,492951,7510861,8003812,17.7,10.3,10.3,10.2,8.8,12,664087.99,215786.15,398760.65,122629083462.73,184657.88466183524
Oklahoma,OK,47.05,14.4,475968,2838677,3314645,17.2,9.9,11.4,10.9,10.4,13.7,398501,158836,132524,46143313048,115792.2139417467
Texas,TX,46.41,19.1,5024269,21233408,26257677,16.5,16.1,9.8,13.1,11.4,16.9,3469065.76,1525629.87,902125.09,399258593424.02,115091.09975015868
Ohio,OH,45.67,8.1,760419,8656644,9417063,16,12.3,9.7,9.1,8.4,9.5,2108061,671826,500929,226092513859,107251.40964089749
Oregon,OR,44.93,6.6,223111,3170178,3393289,12.2,11,8.9,10.5,6.9,12.5,425338,197580,172553,101087375028,237663.63463410275
Nevada,NV,44.82,13.7,366864,2306541,2673405,14.4,15,11.8,15.9,9,13.4,223592,117084,85334,64896688520,290246.02186124725
Colorado,CO,44.49,9.3,456679,4457373,4914052,9.3,7.7,8.3,10.8,8.7,14.7,834293.24,293276.08,174013.11,75944264715.3,91028.26329421057
Mississippi,MS,43.9,12.1,278104,2020732,2298836,24.9,19.1,15.7,15.7,14.7,17.4,368443,146515,120711,34498027000,93631.92406966613
Kentucky,KY,43.25,8.1,296932,3381297,3678229,18.6,13.3,12.9,12.9,10.5,13.9,628704.18,211423,213731.18,46706562721.85,74290.20548559101
New Mexico,NM,43.08,13.4,218391,1410862,1629253,20.9,10.9,15.4,13.5,12.9,15,304753,118695,103147,35493735951,116467.22411592338
Tennessee,TN,41.22,11.3,658811,5153965,5812776,12.7,10,9.9,10.7,10.5,13.9,725088,274192,228733,85321819282,117670.98515214706
Alabama,AL,40.69,10,403170,3642391,4045561,21.1,15.5,13.5,13.7,13.5,15.3,550325,240212,179690,51956009689,94409.68462090583
Alaska,AK,40.69,12.5,76031,532349,608380,12.9,10.5,8.6,9.6,10.8,13.4,84289,15197,51367,18697032796,221820.55542241572
Arkansas,AR,37.03,11.3,278142,2172496,2450638,17.1,13.3,12,12.4,9.5,13.4,327931,147215,129431,39374569795,120069.67866715865
Louisiana,LA,34.26,9.2,333790,3297815,3631605,28.1,20.7,17.5,18.3,15.4,19.1,552907.9,203814.65,198947.47,67609139950.24,122279.2077129663
West Virginia,WV,32.04,7.3,98721,1250544,1349265,16.3,11.3,12.6,11.4,13.2,14.6,189899.96,75170.74,71286.14,22078811940.8,116265.49021284681
